year,donor_code,donor_name,value,iati_usd_mil,percent_difference
2010.0,2.0,Belgium,0.0,229.87399899419998,
2010.0,3.0,Denmark,0.0,1880.802197718486,
2010.0,5.0,Germany,0.0,456.39062677392604,
2010.0,6.0,Italy,0.0,16.164210023072002,
2010.0,7.0,Netherlands,0.0,3840.2034129862,
2010.0,8.0,Norway,0.0,49.13025171790235,
2010.0,12.0,United Kingdom,0.0,7585.844160174818,
2010.0,18.0,Finland,0.0,0.0,
2010.0,69.0,Slovak Republic,0.0,0.0997992818,
2010.0,301.0,Canada,0.0,186.26884488708993,
2010.0,576.0,United Arab Emirates,0.0,48.4968282,
2010.0,801.0,Australia,0.0,1202.5455780149005,
2010.0,820.0,New Zealand,0.0,55.57302986016874,
2010.0,905.0,International Development Association,0.0,13078.004563999999,
2010.0,909.0,Inter-American Development Bank,0.0,9082.850354,
2010.0,913.0,African Development Bank,0.0,2683.8324631185883,
2010.0,914.0,African Development Fund,0.0,2683.8324631185883,
2010.0,918.0,EU Institutions,0.0,302.88436895115194,
2010.0,971.0,UNAIDS,0.0,0.0,
2010.0,976.0,Islamic Development Bank,0.0,1691.31714009,
2010.0,988.0,IFAD,0.0,458.555927585111,
2010.0,1014.0,Private Infrastructure Development Group,0.0,99.37720620379999,
2010.0,1311.0,Global Alliance for Vaccines and Immunization,0.0,603.44064031,
2010.0,1312.0,Global Fund,0.0,3118.08017212,
2010.0,1624.0,William and Flora Hewlett Foundation,0.0,92.11286,
2011.0,2.0,Belgium,0.0,252.7210678312,
2011.0,3.0,Denmark,0.0,1970.816256923142,
2011.0,5.0,Germany,0.0,892.345423150484,
2011.0,6.0,Italy,0.0,25.663140308156,
2011.0,7.0,Netherlands,0.0,3651.498669255132,
2011.0,8.0,Norway,0.0,77.09326690777576,
2011.0,12.0,United Kingdom,0.0,8273.797049755141,
2011.0,21.0,Ireland,0.0,0.0,
2011.0,69.0,Slovak Republic,0.0,3.0373280706,
2011.0,301.0,Canada,0.0,146.7386214032098,
2011.0,576.0,United Arab Emirates,0.0,40.40653145,
2011.0,801.0,Australia,0.0,1764.0729908606004,
2011.0,820.0,New Zealand,0.0,103.22305932503392,
2011.0,905.0,International Development Association,0.0,15652.351416,
2011.0,909.0,Inter-American Development Bank,0.0,7758.115333,
2011.0,913.0,African Development Bank,0.0,3740.8196064712624,
2011.0,914.0,African Development Fund,0.0,3740.8196064712624,
2011.0,918.0,EU Institutions,0.0,312.97129705645204,
2011.0,976.0,Islamic Development Bank,0.0,1875.71186114,
2011.0,988.0,IFAD,0.0,553.9312831167692,
2011.0,1014.0,Private Infrastructure Development Group,0.0,78.63280173649999,
2011.0,1311.0,Global Alliance for Vaccines and Immunization,0.0,686.6102885800001,
2011.0,1312.0,Global Fund,0.0,2690.24101195,
2011.0,1624.0,William and Flora Hewlett Foundation,0.0,72.016953,
2012.0,2.0,Belgium,0.0,129.9685331834,
2012.0,3.0,Denmark,0.0,1960.03751358287,
2012.0,5.0,Germany,0.0,1629.53929792402,
2012.0,6.0,Italy,0.0,14.81942997875,
2012.0,7.0,Netherlands,0.0,3370.1060292618677,
2012.0,8.0,Norway,0.0,94.69864403254972,
2012.0,12.0,United Kingdom,0.0,7987.793443280186,
2012.0,18.0,Finland,0.0,1048.902941283,
2012.0,50.0,Spain,0.0,0.020824039199999998,
2012.0,69.0,Slovak Republic,0.0,3.0250201719999996,
2012.0,301.0,Canada,0.0,582.0229856767504,
2012.0,302.0,United States,0.0,17715.187772999998,
2012.0,576.0,United Arab Emirates,0.0,148.58513075000002,
2012.0,801.0,Australia,0.0,2331.5632807922007,
2012.0,820.0,New Zealand,0.0,177.22433481621334,
2012.0,905.0,International Development Association,0.0,22044.240335000002,
2012.0,909.0,Inter-American Development Bank,0.0,6571.701385,
2012.0,913.0,African Development Bank,0.0,4190.953801281849,
2012.0,914.0,African Development Fund,0.0,4190.953801281849,
2012.0,918.0,EU Institutions,0.0,553.198512676794,
2012.0,959.0,UNDP,0.0,244.532703,
2012.0,963.0,UNICEF,0.0,2657.07006,
2012.0,976.0,Islamic Development Bank,0.0,1473.45907525,
2012.0,988.0,IFAD,0.0,586.9942950809143,
2012.0,1014.0,Private Infrastructure Development Group,0.0,114.31258372849999,
2012.0,1311.0,Global Alliance for Vaccines and Immunization,0.0,965.9772098999999,
2012.0,1312.0,Global Fund,0.0,3385.66352992,
2012.0,1624.0,William and Flora Hewlett Foundation,0.0,85.56836,
2013.0,2.0,Belgium,0.0,152.5563788544,
2013.0,3.0,Denmark,0.0,2439.7300518701054,
2013.0,4.0,France,0.0,17.413126545902,
2013.0,5.0,Germany,0.0,4025.1485660592944,
2013.0,6.0,Italy,0.0,28.858793656526,
2013.0,7.0,Netherlands,0.0,3436.746724321916,
2013.0,8.0,Norway,0.0,183.5519972875226,
2013.0,12.0,United Kingdom,0.0,12165.16625392534,
2013.0,18.0,Finland,0.0,1120.668303914,
2013.0,21.0,Ireland,0.0,0.0,
2013.0,50.0,Spain,0.0,0.025488218400000002,
2013.0,69.0,Slovak Republic,0.0,65.2794253784,
2013.0,301.0,Canada,0.0,311.56675323107515,
2013.0,302.0,United States,0.0,29790.777199000004,
2013.0,566.0,Saudi Arabia,0.0,23.525,
2013.0,576.0,United Arab Emirates,0.0,115.29695343,
2013.0,801.0,Australia,0.0,2529.1667907933006,
2013.0,820.0,New Zealand,0.0,239.32277343796096,
2013.0,905.0,International Development Association,0.0,27873.613747,
2013.0,909.0,Inter-American Development Bank,0.0,9257.443298,
2013.0,913.0,African Development Bank,0.0,4097.8038175086185,
2013.0,914.0,African Development Fund,0.0,4097.8038175086185,
2013.0,915.0,Asian Development Bank,0.0,48412.2546138,
2013.0,918.0,EU Institutions,0.0,354.960286059908,
2013.0,959.0,UNDP,0.0,343.054364,
2013.0,963.0,UNICEF,0.0,3434.778538,
2013.0,976.0,Islamic Development Bank,0.0,1912.18763068,
2013.0,988.0,IFAD,0.0,603.7250724168044,
2013.0,1014.0,Private Infrastructure Development Group,0.0,117.38720435479999,
2013.0,1311.0,Global Alliance for Vaccines and Immunization,0.0,1373.6072675599999,
2013.0,1312.0,Global Fund,0.0,4026.37884729,
2013.0,1624.0,William and Flora Hewlett Foundation,0.0,87.037555,
2014.0,1.0,Austria,740.593746,0.0,0.0
2014.0,2.0,Belgium,1534.782901,190.943934056,12.441103815503087
2014.0,3.0,Denmark,2322.8695249999996,2459.2443387772446,105.87096314749942
2014.0,4.0,France,9627.500137,0.4021154078,0.004176737492369458
2014.0,5.0,Germany,16270.478181,4065.706688641053,24.98824339034374
2014.0,6.0,Italy,1504.776547,86.95476196851601,5.778583015655946
2014.0,7.0,Netherlands,4180.103924,3278.712811362596,78.4361554395315
2014.0,8.0,Norway,4434.173468,234.86856907775768,5.296783510449657
2014.0,9.0,Portugal,293.295681,0.0,0.0
2014.0,10.0,Sweden,4465.643667,0.0,0.0
2014.0,11.0,Switzerland,2881.248822,0.0,0.0
2014.0,12.0,United Kingdom,11949.3828,9840.418970755054,82.3508555668252
2014.0,18.0,Finland,988.534682,1256.6165714884,127.11911826361192
2014.0,20.0,Iceland,30.938582,0.0,0.0
2014.0,21.0,Ireland,524.505445,0.0,0.0
2014.0,22.0,Luxembourg,304.54391,0.0,0.0
2014.0,30.0,Cyprus,0.1874,0.0,0.0
2014.0,40.0,Greece,46.097532,0.0,0.0
2014.0,50.0,Spain,709.2788790000001,17.192362737691997,2.423921428751863
2014.0,61.0,Slovenia,20.212453,0.0,0.0
2014.0,62.0,Croatia,30.11,0.0,0.0
2014.0,68.0,Czechia,62.574156,0.0,0.0
2014.0,69.0,Slovak Republic,16.37913,63.553195334799994,388.01325427418914
2014.0,75.0,Hungary,30.097847,0.0,0.0
2014.0,76.0,Poland,103.551914,0.0,0.0
2014.0,77.0,Romania,69.992284,0.0,0.0
2014.0,82.0,Estonia,15.002007,0.0,0.0
2014.0,84.0,Lithuania,6.879856,0.0,0.0
2014.0,104.0,Nordic Development Fund [NDF],49.600569,0.0,0.0
2014.0,301.0,Canada,3385.999958,341.225292146002,10.077533856425465
2014.0,302.0,United States,28544.99946,28375.939335,99.40774171239028
2014.0,552.0,Kuwait,549.919711,0.0,0.0
2014.0,576.0,United Arab Emirates,5564.862580000001,123.30445957,2.215768274550995
2014.0,611.0,Azerbaijan,10.108111,0.0,0.0
2014.0,613.0,Kazakhstan,27.08298,0.0,0.0
2014.0,701.0,Japan,12569.882605,0.0,0.0
2014.0,742.0,Korea,8619.105786,0.0,0.0
2014.0,765.0,Timor-Leste,3.3,0.0,0.0
2014.0,801.0,Australia,3666.134724,2704.054586941401,73.75764369049415
2014.0,811.0,Global Environment Facility [GEF],841.409678,0.0,0.0
2014.0,820.0,New Zealand,410.689847,271.9753618679568,66.2240286324772
2014.0,901.0,International Bank for Reconstruction and Development [IBRD],15880.431717,0.0,0.0
2014.0,905.0,International Development Association,0.0,28179.413569999997,
2014.0,905.0,International Development Association [IDA],13816.045717,0.0,0.0
2014.0,909.0,Inter-American Development Bank,0.0,8899.146631,
2014.0,909.0,Inter-American Development Bank [IDB],10727.235994,0.0,0.0
2014.0,913.0,African Development Bank,0.0,3384.6190585319964,
2014.0,913.0,African Development Bank [AfDB],3182.3684909999997,0.0,0.0
2014.0,914.0,African Development Fund,0.0,3384.6190585319964,
2014.0,914.0,African Development Fund [AfDF],2010.238099,0.0,0.0
2014.0,915.0,Asian Development Bank,0.0,8924.15056363,
2014.0,915.0,Asian Development Bank [AsDB],10398.051925999998,0.0,0.0
2014.0,918.0,EU Institutions,19321.885768,505.87760359537003,2.618158546580276
2014.0,921.0,Arab Fund (AFESD),884.893648,0.0,0.0
2014.0,923.0,UN Peacebuilding Fund [UNPBF],65.010887,0.0,0.0
2014.0,928.0,World Health Organisation [WHO],471.363057,0.0,0.0
2014.0,940.0,International Labour Organisation [ILO],222.85774,0.0,0.0
2014.0,948.0,UNECE,14.008016,0.0,0.0
2014.0,951.0,OPEC Fund for International Development [OPEC Fund],1148.289678,0.0,0.0
2014.0,953.0,Arab Bank for Economic Development in Africa [BADEA],125.987086,0.0,0.0
2014.0,958.0,IMF Concessional Trust Funds,832.081897,0.0,0.0
2014.0,959.0,UNDP,462.968234,477.763112,103.19565726403597
2014.0,963.0,UNICEF,1342.399394,4043.924792,301.2460233574867
2014.0,964.0,UNRWA,680.100351,0.0,0.0
2014.0,966.0,WFP,308.81252,0.0,0.0
2014.0,967.0,UNHCR,480.0819,0.0,0.0
2014.0,971.0,UNAIDS,238.672026,0.0,0.0
2014.0,974.0,UNFPA,340.006673,0.0,0.0
2014.0,976.0,Islamic Development Bank [IsDB],1762.586487,0.0,0.0
2014.0,976.0,Islamic Development Bank,0.0,1856.4348551799999,
2014.0,978.0,OSCE,130.509086,0.0,0.0
2014.0,988.0,IFAD,4.1048,634.262969154344,15451.738675558954
2014.0,990.0,European Bank for Reconstruction and Development [EBRD],4823.359967,0.0,0.0
2014.0,1011.0,Climate Investment Funds [CIF],406.469838,0.0,0.0
2014.0,1012.0,Adaptation Fund,40.423097,0.0,0.0
2014.0,1013.0,Council of Europe Development Bank [CEB],362.56084200000004,0.0,0.0
2014.0,1014.0,Private Infrastructure Development Group,0.0,232.0151491472,
2014.0,1311.0,Global Alliance for Vaccines and Immunization [GAVI],1414.730221,0.0,0.0
2014.0,1311.0,Global Alliance for Vaccines and Immunization,0.0,1306.78919463,
2014.0,1312.0,Global Fund,2887.143688,0.0,0.0
2014.0,1312.0,Global Fund,0.0,2932.29471612,
2014.0,1313.0,Global Green Growth Institute [GGGI],15.524768,0.0,0.0
2014.0,1601.0,Bill & Melinda Gates Foundation,2666.393589,0.0,0.0
2014.0,1605.0,MetLife Foundation,16.879951,0.0,0.0
2014.0,1610.0,MAVA Foundation,26.381417000000003,0.0,0.0
2014.0,1612.0,H&M Foundation,11.91296,0.0,0.0
2014.0,1613.0,Laudes Foundation,9.595825,0.0,0.0
2014.0,1614.0,Charity Projects Ltd (Comic Relief),69.107969,0.0,0.0
2014.0,1616.0,Gatsby Charitable Foundation,8.725741,0.0,0.0
2014.0,1617.0,Conrad N. Hilton Foundation,40.781,0.0,0.0
2014.0,1624.0,William and Flora Hewlett Foundation,0.0,90.615645,
2015.0,1.0,Austria,889.432823,0.0,0.0
2015.0,2.0,Belgium,1280.876659,62.5882816446,4.886362883172813
2015.0,3.0,Denmark,2017.220222,2556.044773900667,126.71124084639816
2015.0,4.0,France,8009.441227,0.0,0.0
2015.0,5.0,Germany,18523.975073,5204.462411818092,28.0958184801488
2015.0,6.0,Italy,1909.052826,110.755222864082,5.80157978635642
2015.0,7.0,Netherlands,4256.002484000001,3290.077715073458,77.30441247255291
2015.0,8.0,Norway,4136.984001,303.21779294755873,7.329440792477426
2015.0,9.0,Portugal,193.296149,0.0,0.0
2015.0,10.0,Sweden,4954.13209,0.0,0.0
2015.0,11.0,Switzerland,2848.537523,0.0,0.0
2015.0,12.0,United Kingdom,11849.265044,8900.236593667212,75.11214037847807
2015.0,18.0,Finland,763.4833490000001,1245.7550902032,163.16729000506336
2015.0,20.0,Iceland,31.042642,0.0,0.0
2015.0,21.0,Ireland,427.466447,0.0,0.0
2015.0,22.0,Luxembourg,262.678028,0.0,0.0
2015.0,30.0,Cyprus,0.5677,0.0,0.0
2015.0,40.0,Greece,71.88911999999999,0.0,0.0
2015.0,45.0,Malta,8.015769,0.0,0.0
2015.0,50.0,Spain,762.452298,80.858082029412,10.605002075737989
2015.0,55.0,Türkiye,4095.9,0.0,0.0
2015.0,61.0,Slovenia,25.101361,0.0,0.0
2015.0,62.0,Croatia,16.2,0.0,0.0
2015.0,68.0,Czechia,70.103726,0.0,0.0
2015.0,69.0,Slovak Republic,17.2406,80.705784052,468.1147062863241
2015.0,70.0,Liechtenstein,19.0511,0.0,0.0
2015.0,72.0,Bulgaria,1.4,0.0,0.0
2015.0,75.0,Hungary,47.342042,0.0,0.0
2015.0,76.0,Poland,124.884776,0.0,0.0
2015.0,77.0,Romania,33.181724,0.0,0.0
2015.0,82.0,Estonia,15.042702,0.0,0.0
2015.0,83.0,Latvia,2.208621,0.0,0.0
2015.0,84.0,Lithuania,10.118711999999999,0.0,0.0
2015.0,104.0,Nordic Development Fund [NDF],39.186323,0.0,0.0
2015.0,301.0,Canada,3077.6008669999997,689.6180906689392,22.407651949395532
2015.0,302.0,United States,28089.364204,31256.128241,111.2738900531933
2015.0,546.0,Israel,212.972513,0.0,0.0
2015.0,552.0,Kuwait,631.714793,0.0,0.0
2015.0,566.0,Saudi Arabia,894.3037899999999,0.012616,0.0014107063104361888
2015.0,576.0,United Arab Emirates,8297.879799,124.88401037,1.505011079879105
2015.0,611.0,Azerbaijan,7.1196150000000005,0.0,0.0
2015.0,613.0,Kazakhstan,34.025127,0.0,0.0
2015.0,701.0,Japan,11991.625662,0.0,0.0
2015.0,732.0,Chinese Taipei,225.04,0.0,0.0
2015.0,742.0,Korea,14214.988462,0.0,0.0
2015.0,764.0,Thailand,70.785606,0.0,0.0
2015.0,765.0,Timor-Leste,4.0,0.0,0.0
2015.0,801.0,Australia,3039.225937,2843.1712126657008,93.54918889222749
2015.0,807.0,UNEP,125.17533,0.0,0.0
2015.0,811.0,Global Environment Facility [GEF],813.068074,0.0,0.0
2015.0,812.0,Montreal Protocol,45.29777,0.0,0.0
2015.0,820.0,New Zealand,359.364842,273.76157847070624,76.179288142691
2015.0,901.0,International Bank for Reconstruction and Development,0.0,126.76581205092799,
2015.0,901.0,International Bank for Reconstruction and Development [IBRD],19256.286297,0.0,0.0
2015.0,905.0,International Development Association,0.0,27589.252257,
2015.0,905.0,International Development Association [IDA],13495.775009,0.0,0.0
2015.0,906.0,Caribbean Development Bank [CarDB],142.506363,0.0,0.0
2015.0,909.0,Inter-American Development Bank,0.0,9487.123996,
2015.0,909.0,Inter-American Development Bank [IDB],11063.92311,0.0,0.0
2015.0,913.0,African Development Bank,0.0,3343.640485909645,
2015.0,913.0,African Development Bank [AfDB],2499.84804,0.0,0.0
2015.0,914.0,African Development Fund,0.0,3343.640485909645,
2015.0,914.0,African Development Fund [AfDF],2158.55949,0.0,0.0
2015.0,915.0,Asian Development Bank,0.0,10981.52952257,
2015.0,915.0,Asian Development Bank [AsDB],12484.10766,0.0,0.0
2015.0,918.0,EU Institutions,16274.520249,553.393020060658,3.400364567395845
2015.0,921.0,Arab Fund (AFESD),618.374831,0.0,0.0
2015.0,923.0,UN Peacebuilding Fund [UNPBF],71.753133,0.0,0.0
2015.0,928.0,World Health Organisation [WHO],663.96306,0.0,0.0
2015.0,940.0,International Labour Organisation [ILO],285.73538,0.0,0.0
2015.0,944.0,International Atomic Energy Agency [IAEA],63.679799,0.0,0.0
2015.0,948.0,UNECE,13.7605,0.0,0.0
2015.0,951.0,OPEC Fund for International Development [OPEC Fund],1028.490153,0.0,0.0
2015.0,953.0,Arab Bank for Economic Development in Africa [BADEA],125.568847,0.0,0.0
2015.0,958.0,IMF Concessional Trust Funds,1471.76056,0.0,0.0
2015.0,959.0,UNDP,420.346602,904.939744,215.28418207600973
2015.0,963.0,UNICEF,1401.925152,4607.784198,328.67547824692997
2015.0,964.0,UNRWA,771.3794800000001,0.0,0.0
2015.0,966.0,WFP,286.569263,0.0,0.0
2015.0,967.0,UNHCR,460.72352500000005,0.0,0.0
2015.0,971.0,UNAIDS,241.317482,128.6253,53.30127719466259
2015.0,974.0,UNFPA,313.274106,0.0,0.0
2015.0,976.0,Islamic Development Bank [IsDB],2028.03088,0.0,0.0
2015.0,976.0,Islamic Development Bank,0.0,2075.7600857,
2015.0,978.0,OSCE,114.982264,0.0,0.0
2015.0,988.0,IFAD,659.786209,687.0667838186338,104.13475978226059
2015.0,990.0,European Bank for Reconstruction and Development,0.0,126.76581205092799,
2015.0,990.0,European Bank for Reconstruction and Development [EBRD],5025.505066,0.0,0.0
2015.0,1011.0,Climate Investment Funds [CIF],412.720357,0.0,0.0
2015.0,1012.0,Adaptation Fund,43.485441,0.0,0.0
2015.0,1013.0,Council of Europe Development Bank [CEB],305.858292,0.0,0.0
2015.0,1014.0,Private Infrastructure Development Group,0.0,158.5446715957,
2015.0,1016.0,Green Climate Fund [GCF],0.4123259999999999,0.0,0.0
2015.0,1311.0,Global Alliance for Vaccines and Immunization [GAVI],1725.18831,0.0,0.0
2015.0,1311.0,Global Alliance for Vaccines and Immunization,0.0,1543.0452733799998,
2015.0,1312.0,Global Fund,3239.2016,0.0,0.0
2015.0,1312.0,Global Fund,0.0,3330.35654319,
2015.0,1313.0,Global Green Growth Institute [GGGI],9.067134,0.0,0.0
2015.0,1601.0,Bill & Melinda Gates Foundation,3018.568947,0.0,0.0
2015.0,1605.0,MetLife Foundation,15.913274,0.0,0.0
2015.0,1608.0,IKEA Foundation,7.783642,0.0,0.0
2015.0,1610.0,MAVA Foundation,15.600851,0.0,0.0
2015.0,1612.0,H&M Foundation,14.125648,0.0,0.0
2015.0,1613.0,Laudes Foundation,18.569505,0.0,0.0
2015.0,1614.0,Charity Projects Ltd (Comic Relief),67.709042,0.0,0.0
2015.0,1616.0,Gatsby Charitable Foundation,19.588471,0.0,0.0
2015.0,1617.0,Conrad N. Hilton Foundation,44.632,0.0,0.0
2015.0,1624.0,William and Flora Hewlett Foundation,0.0,96.275352,
2015.0,1625.0,Arcus Foundation,14.272251,0.0,0.0
2015.0,1637.0,Arcadia Fund,5.51,0.0,0.0
2016.0,1.0,Austria,1245.308631,0.0,0.0
2016.0,2.0,Belgium,1933.342737,85.915913032,4.443904921137634
2016.0,3.0,Denmark,1838.2616249999999,2376.811679705712,129.29670333001224
2016.0,4.0,France,8465.692195,1.0580937665999999,0.012498609000040545
2016.0,5.0,Germany,22544.166062,6220.662794511132,27.59322645780435
2016.0,6.0,Italy,2541.4279530000003,317.59810778427,12.496836961652399
2016.0,7.0,Netherlands,3336.627844,3377.73812387118,101.23209065539345
2016.0,8.0,Norway,3660.98121,671.2768012658228,18.335980513426968
2016.0,9.0,Portugal,176.030971,0.0,0.0
2016.0,10.0,Sweden,3641.7244689999998,0.0,0.0
2016.0,11.0,Switzerland,2870.9375,0.0,0.0
2016.0,12.0,United Kingdom,12757.970119,9970.605534276045,78.15197434447013
2016.0,18.0,Finland,703.2541570000001,1012.426055049981,143.96303882068355
2016.0,20.0,Iceland,47.683533,0.0,0.0
2016.0,21.0,Ireland,427.006169,766.566891108039,179.52126848735037
2016.0,22.0,Luxembourg,275.807023,0.0,0.0
2016.0,40.0,Greece,159.149784,0.0,0.0
2016.0,45.0,Malta,10.619219,0.0,0.0
2016.0,50.0,Spain,2874.214629,39.610346976538004,1.3781276657936739
2016.0,55.0,Türkiye,6687.529,0.0,0.0
2016.0,61.0,Slovenia,27.875515,0.031686,0.11366964879393258
2016.0,62.0,Croatia,3.47,0.0,0.0
2016.0,68.0,Czechia,71.384727,0.0,0.0
2016.0,69.0,Slovak Republic,25.732397,99.3221614054,385.98099277498324
2016.0,70.0,Liechtenstein,18.86,0.0,0.0
2016.0,72.0,Bulgaria,12.21,0.0,0.0
2016.0,75.0,Hungary,54.783164,0.0,0.0
2016.0,76.0,Poland,174.523233,0.0,0.0
2016.0,77.0,Romania,109.46812200000001,0.0,0.0
2016.0,82.0,Estonia,18.598082,0.0,0.0
2016.0,83.0,Latvia,3.390335,0.0,0.0
2016.0,84.0,Lithuania,14.057727,0.0,0.0
2016.0,104.0,Nordic Development Fund [NDF],39.242166,0.0,0.0
2016.0,301.0,Canada,2773.5974229999997,835.9488587700611,30.139516709886312
2016.0,302.0,United States,29689.717041,27972.012065,94.21447845519062
2016.0,546.0,Israel,255.702675,0.0,0.0
2016.0,552.0,Kuwait,1354.113203,0.0,0.0
2016.0,566.0,Saudi Arabia,1379.16366,71.866737,5.210892592689109
2016.0,576.0,United Arab Emirates,5254.49633,598.1932425699999,11.384406896521707
2016.0,611.0,Azerbaijan,4.140312,0.0,0.0
2016.0,613.0,Kazakhstan,19.835684,0.0,0.0
2016.0,701.0,Japan,13439.451531,0.0,0.0
2016.0,732.0,Chinese Taipei,306.009,0.0,0.0
2016.0,742.0,Korea,10586.921170000001,0.0,0.0
2016.0,764.0,Thailand,69.72735,0.0,0.0
2016.0,801.0,Australia,2679.127744,2486.510854980601,92.81046267947576
2016.0,807.0,UNEP,79.252269,0.0,0.0
2016.0,811.0,Global Environment Facility [GEF],850.776517,0.0,0.0
2016.0,820.0,New Zealand,362.0864,252.00511669715027,69.59806187063371
2016.0,901.0,International Bank for Reconstruction and Development,0.0,2456.892979913834,
2016.0,901.0,International Bank for Reconstruction and Development [IBRD],17709.603592,0.0,0.0
2016.0,905.0,International Development Association,0.0,28642.791449000004,
2016.0,905.0,International Development Association [IDA],12254.064811,0.0,0.0
2016.0,906.0,Caribbean Development Bank [CarDB],122.00885,0.0,0.0
2016.0,909.0,Inter-American Development Bank,0.0,9438.596164,
2016.0,909.0,Inter-American Development Bank [IDB],9441.11887,0.0,0.0
2016.0,913.0,African Development Bank,0.0,5194.260185116571,
2016.0,913.0,African Development Bank [AfDB],4669.3648,0.0,0.0
2016.0,914.0,African Development Fund,0.0,5194.260185116571,
2016.0,914.0,African Development Fund [AfDF],2131.81598,0.0,0.0
2016.0,915.0,Asian Development Bank,0.0,10736.68452365,
2016.0,915.0,Asian Development Bank [AsDB],12775.08715,0.0,0.0
2016.0,918.0,EU Institutions,20313.533763,1086.0920417862442,5.346642560855177
2016.0,921.0,Arab Fund (AFESD),559.046235,0.0,0.0
2016.0,923.0,UN Peacebuilding Fund [UNPBF],54.046671,0.0,0.0
2016.0,928.0,World Health Organisation [WHO],534.4956,0.0,0.0
2016.0,932.0,Food and Agriculture Organisation,0.0,1218.52411553,
2016.0,940.0,International Labour Organisation [ILO],239.63412,0.0,0.0
2016.0,944.0,International Atomic Energy Agency [IAEA],71.546049,0.0,0.0
2016.0,948.0,UNECE,13.9718,0.0,0.0
2016.0,951.0,OPEC Fund for International Development [OPEC Fund],837.5001139999999,0.0,0.0
2016.0,958.0,IMF Concessional Trust Funds,940.6795,0.0,0.0
2016.0,959.0,UNDP,383.552938,1338.943314,349.08957313214484
2016.0,963.0,UNICEF,1444.791066,5061.620087,350.3357825303718
2016.0,964.0,UNRWA,716.534039,0.0,0.0
2016.0,966.0,WFP,307.692038,0.0,0.0
2016.0,967.0,UNHCR,503.113815,3967.0956543800003,788.5085911186916
2016.0,971.0,UNAIDS,185.478783,0.0,0.0
2016.0,974.0,UNFPA,257.992583,0.0,0.0
2016.0,976.0,Islamic Development Bank [IsDB],1975.16314,0.0,0.0
2016.0,976.0,Islamic Development Bank,0.0,1968.82650614,
2016.0,978.0,OSCE,112.443559,0.0,0.0
2016.0,988.0,IFAD,707.736579,740.8689672777708,104.68145765824136
2016.0,990.0,European Bank for Reconstruction and Development,0.0,2456.892979913834,
2016.0,990.0,European Bank for Reconstruction and Development [EBRD],5799.054512,0.0,0.0
2016.0,1011.0,Climate Investment Funds [CIF],61.38628,0.0,0.0
2016.0,1012.0,Adaptation Fund,39.501287,0.0,0.0
2016.0,1013.0,Council of Europe Development Bank [CEB],334.470598,0.0,0.0
2016.0,1014.0,Private Infrastructure Development Group,0.0,231.1456805179,
2016.0,1016.0,Green Climate Fund [GCF],8.514287,0.0,0.0
2016.0,1023.0,World Tourism Organisation [UNWTO],13.001312,0.0,0.0
2016.0,1024.0,Asian Infrastructure Investment Bank [AIIB],9.695424,0.0,0.0
2016.0,1025.0,Center of Excellence in Finance [CEF],0.8846620000000001,0.0,0.0
2016.0,1311.0,Global Alliance for Vaccines and Immunization [GAVI],1338.83949,0.0,0.0
2016.0,1311.0,Global Alliance for Vaccines and Immunization,0.0,1268.1660326800002,
2016.0,1312.0,Global Fund,3598.36119,0.0,0.0
2016.0,1312.0,Global Fund,0.0,3700.06782623,
2016.0,1313.0,Global Green Growth Institute [GGGI],23.953772,0.0,0.0
2016.0,1601.0,Bill & Melinda Gates Foundation,3204.245294,0.0,0.0
2016.0,1602.0,Dutch Postcode Lottery,221.236319,0.0,0.0
2016.0,1603.0,Swedish Postcode Lottery,65.330446,0.0,0.0
2016.0,1604.0,People's Postcode Lottery,21.444497,0.0,0.0
2016.0,1605.0,MetLife Foundation,17.736106,0.0,0.0
2016.0,1608.0,IKEA Foundation,39.43393,0.0,0.0
2016.0,1610.0,MAVA Foundation,13.328509,0.0,0.0
2016.0,1612.0,H&M Foundation,14.319811,0.0,0.0
2016.0,1613.0,Laudes Foundation,29.420336,0.0,0.0
2016.0,1614.0,Charity Projects Ltd (Comic Relief),45.436824,0.0,0.0
2016.0,1616.0,Gatsby Charitable Foundation,8.268118,0.0,0.0
2016.0,1617.0,Conrad N. Hilton Foundation,44.19,0.0,0.0
2016.0,1621.0,Michael & Susan Dell Foundation,23.892721,0.0,0.0
2016.0,1624.0,William and Flora Hewlett Foundation,0.0,92.041251,
2016.0,1625.0,Arcus Foundation,15.856511,0.0,0.0
2016.0,1630.0,World Diabetes Foundation,13.409294,0.0,0.0
2016.0,1636.0,Jacobs Foundation,10.663203,0.0,0.0
2016.0,1637.0,Arcadia Fund,18.49833,0.0,0.0
2016.0,1638.0,Margaret A. Cargill Foundation,51.362294,0.0,0.0
2016.0,1643.0,Open Society Foundations,203.943393,0.0,0.0
2017.0,1.0,Austria,782.696618,0.0,0.0
2017.0,2.0,Belgium,1476.679803,210.1114862108,14.228642240785087
2017.0,3.0,Denmark,2146.258862,2388.3265155499853,111.27858609396321
2017.0,4.0,France,9615.580848,0.0,0.0
2017.0,5.0,Germany,23625.151525,6575.67771732439,27.833377958935184
2017.0,6.0,Italy,3318.611683,440.383364152352,13.270108292822277
2017.0,7.0,Netherlands,3638.658823,3291.296369448946,90.4535580155146
2017.0,8.0,Norway,3311.694874,1149.711245840868,34.71670215958634
2017.0,9.0,Portugal,167.98844799999998,0.0,0.0
2017.0,10.0,Sweden,3954.99069,0.0,0.0
2017.0,11.0,Switzerland,2508.498155,1700.1781362941142,67.77673457344497
2017.0,12.0,United Kingdom,11451.074891,11739.522027560228,102.51895249403123
2017.0,18.0,Finland,698.973488,615.1665862788896,88.01000278838754
2017.0,20.0,Iceland,54.14256,0.0,0.0
2017.0,21.0,Ireland,492.63373,785.0552210145689,159.35880415954645
2017.0,22.0,Luxembourg,306.451145,0.0,0.0
2017.0,40.0,Greece,84.671536,0.0,0.0
2017.0,45.0,Malta,15.102598,0.0,0.0
2017.0,50.0,Spain,1153.906827,51.989390543132,4.5055102653562855
2017.0,55.0,Türkiye,8400.444406999999,0.0,0.0
2017.0,61.0,Slovenia,24.923088,0.100339,0.40259457415549793
2017.0,62.0,Croatia,14.09407,0.0,0.0
2017.0,68.0,Czechia,80.543796,0.0,0.0
2017.0,69.0,Slovak Republic,35.440881,114.58008469640001,323.2991998601841
2017.0,70.0,Liechtenstein,16.5,0.0,0.0
2017.0,72.0,Bulgaria,9.88,0.0,0.0
2017.0,75.0,Hungary,39.382823,0.0,0.0
2017.0,76.0,Poland,248.330928,0.0,0.0
2017.0,77.0,Romania,38.934621,0.0,0.0
2017.0,82.0,Estonia,20.411438,0.0,0.0
2017.0,83.0,Latvia,4.526073,0.0,0.0
2017.0,84.0,Lithuania,15.263757,0.0,0.0
2017.0,104.0,Nordic Development Fund [NDF],42.736507,0.0,0.0
2017.0,301.0,Canada,3252.04815,1066.981745476495,32.80953098669511
2017.0,302.0,United States,31414.48528,28889.915395999997,91.9636757963777
2017.0,546.0,Israel,388.132577,0.0,0.0
2017.0,552.0,Kuwait,848.9238849999999,0.0,0.0
2017.0,566.0,Saudi Arabia,1795.09761,284.438441,15.845291053560034
2017.0,576.0,United Arab Emirates,4303.118,728.72139122,16.9347294501336
2017.0,611.0,Azerbaijan,5.35372,0.0,0.0
2017.0,613.0,Kazakhstan,23.524251,0.0,0.0
2017.0,701.0,Japan,15079.037822,0.0,0.0
2017.0,732.0,Chinese Taipei,300.627,0.0,0.0
2017.0,742.0,Korea,8267.979179,0.0,0.0
2017.0,764.0,Thailand,60.343892,0.0,0.0
2017.0,801.0,Australia,2636.974985,2377.5743213544006,90.16294560543207
2017.0,811.0,Global Environment Facility [GEF],445.185988,0.0,0.0
2017.0,820.0,New Zealand,373.109287,252.4189398135583,67.65281610735096
2017.0,901.0,International Bank for Reconstruction and Development,0.0,1881.5457896527842,
2017.0,901.0,International Bank for Reconstruction and Development [IBRD],16152.857031,0.0,0.0
2017.0,905.0,International Development Association,0.0,27690.56824,
2017.0,905.0,International Development Association [IDA],14050.01322,0.0,0.0
2017.0,906.0,Caribbean Development Bank [CarDB],108.29055,0.0,0.0
2017.0,909.0,Inter-American Development Bank,0.0,9484.573581,
2017.0,909.0,Inter-American Development Bank [IDB],8906.207693,0.0,0.0
2017.0,913.0,African Development Bank,0.0,5684.849397862008,
2017.0,913.0,African Development Bank [AfDB],5310.39212,0.0,0.0
2017.0,914.0,African Development Fund,0.0,5684.849397862008,
2017.0,914.0,African Development Fund [AfDF],2561.08072,0.0,0.0
2017.0,915.0,Asian Development Bank,0.0,9702.07938677,
2017.0,915.0,Asian Development Bank [AsDB],11745.063391,0.0,0.0
2017.0,918.0,EU Institutions,20063.646903,2064.2591430970742,10.288553985608756
2017.0,921.0,Arab Fund (AFESD),768.926985,0.0,0.0
2017.0,923.0,UN Peacebuilding Fund [UNPBF],58.369445,0.0,0.0
2017.0,928.0,World Health Organisation,0.0,45.02987489,
2017.0,928.0,World Health Organisation [WHO],533.41836,0.0,0.0
2017.0,932.0,Food and Agriculture Organisation,0.0,425.63410614,
2017.0,932.0,Food and Agriculture Organisation [FAO],447.541741,0.0,0.0
2017.0,940.0,International Labour Organisation [ILO],269.63566000000003,0.0,0.0
2017.0,944.0,International Atomic Energy Agency [IAEA],76.394824,0.0,0.0
2017.0,948.0,UNECE,14.34293,0.0,0.0
2017.0,951.0,OPEC Fund for International Development [OPEC Fund],1091.67591,0.0,0.0
2017.0,958.0,IMF Concessional Trust Funds,1211.394619,0.0,0.0
2017.0,959.0,UNDP,351.850342,1890.146676,537.2018868181176
2017.0,963.0,UNICEF,1524.41133,5377.327514,352.7478055414348
2017.0,964.0,UNRWA,892.903839,0.0,0.0
2017.0,966.0,WFP,286.00275,0.0,0.0
2017.0,967.0,UNHCR,521.56546,4083.35190093,782.9030513121018
2017.0,971.0,UNAIDS,165.218,59.071793,35.753848248980134
2017.0,974.0,UNFPA,215.099165,0.0,0.0
2017.0,976.0,Islamic Development Bank [IsDB],2296.64579,0.0,0.0
2017.0,976.0,Islamic Development Bank,0.0,2222.8847921799997,
2017.0,978.0,OSCE,108.921216,0.0,0.0
2017.0,988.0,IFAD,816.3408259999999,861.1112168044191,105.4842768337081
2017.0,990.0,European Bank for Reconstruction and Development,0.0,1881.5457896527842,
2017.0,990.0,European Bank for Reconstruction and Development [EBRD],4373.501181,0.0,0.0
2017.0,1011.0,Climate Investment Funds [CIF],345.066767,0.0,0.0
2017.0,1012.0,Adaptation Fund,30.850441,0.0,0.0
2017.0,1013.0,Council of Europe Development Bank [CEB],294.354638,0.0,0.0
2017.0,1014.0,Private Infrastructure Development Group,0.0,222.7383607244,
2017.0,1015.0,Development Bank of Latin America [CAF],9057.0,0.0,0.0
2017.0,1016.0,Green Climate Fund [GCF],151.39694599999999,0.0,0.0
2017.0,1019.0,IDB Invest,2010.756584,0.0,0.0
2017.0,1020.0,Central Emergency Response Fund [CERF],418.20868,0.0,0.0
2017.0,1023.0,World Tourism Organisation [UNWTO],12.698455,0.0,0.0
2017.0,1024.0,Asian Infrastructure Investment Bank [AIIB],715.16205,0.0,0.0
2017.0,1025.0,Center of Excellence in Finance [CEF],0.901815,0.0,0.0
2017.0,1050.0,WHO-Strategic Preparedness and Response Plan,0.0,45.02987489,
2017.0,1311.0,Global Alliance for Vaccines and Immunization [GAVI],1679.15314,0.0,0.0
2017.0,1311.0,Global Alliance for Vaccines and Immunization,0.0,1332.46104277,
2017.0,1312.0,Global Fund,4251.592904,0.0,0.0
2017.0,1312.0,Global Fund,0.0,4397.20074387,
2017.0,1313.0,Global Green Growth Institute [GGGI],20.633213,0.0,0.0
2017.0,1313.0,Global Green Growth Institute,0.0,23.194634739999998,
2017.0,1601.0,Bill & Melinda Gates Foundation,3386.025978,0.0,0.0
2017.0,1602.0,Dutch Postcode Lottery,244.341105,0.0,0.0
2017.0,1603.0,Swedish Postcode Lottery,70.258574,0.0,0.0
2017.0,1604.0,People's Postcode Lottery,37.855783,0.0,0.0
2017.0,1605.0,MetLife Foundation,16.61796,0.0,0.0
2017.0,1606.0,Mastercard Foundation,288.54295,0.0,0.0
2017.0,1608.0,IKEA Foundation,88.792097,0.0,0.0
2017.0,1609.0,Van Leer Foundation,14.203587,0.0,0.0
2017.0,1610.0,MAVA Foundation,70.520894,0.0,0.0
2017.0,1611.0,Oak Foundation,111.198688,0.0,0.0
2017.0,1612.0,H&M Foundation,17.740697,0.0,0.0
2017.0,1613.0,Laudes Foundation,29.692257,0.0,0.0
2017.0,1614.0,Charity Projects Ltd (Comic Relief),49.893217,0.0,0.0
2017.0,1615.0,Children's Investment Fund Foundation,207.111682,0.0,0.0
2017.0,1616.0,Gatsby Charitable Foundation,12.11177,0.0,0.0
2017.0,1617.0,Conrad N. Hilton Foundation,50.5825,0.0,0.0
2017.0,1618.0,David and Lucile Packard Foundation,118.626996,0.0,0.0
2017.0,1619.0,John D. and Catherine T. MacArthur Foundation,80.304199,0.0,0.0
2017.0,1620.0,Carnegie Corporation of New York,24.1602,0.0,0.0
2017.0,1621.0,Michael & Susan Dell Foundation,31.258364,0.0,0.0
2017.0,1622.0,"Omidyar Network Fund, Inc.",57.107902,0.0,0.0
2017.0,1624.0,William and Flora Hewlett Foundation,185.15972,0.0,0.0
2017.0,1624.0,William and Flora Hewlett Foundation,0.0,108.028307,
2017.0,1625.0,Arcus Foundation,15.439617,0.0,0.0
2017.0,1626.0,Gordon and Betty Moore Foundation,49.552984,0.0,0.0
2017.0,1627.0,Ford Foundation,244.348737,0.0,0.0
2017.0,1628.0,Wellcome Trust,254.252388,0.0,0.0
2017.0,1630.0,World Diabetes Foundation,14.666245,0.0,0.0
2017.0,1632.0,Citi Foundation,24.879,0.0,0.0
2017.0,1636.0,Jacobs Foundation,20.43276,0.0,0.0
2017.0,1637.0,Arcadia Fund,45.648178,0.0,0.0
2017.0,1638.0,Margaret A. Cargill Foundation,46.836742,0.0,0.0
2017.0,1639.0,La Caixa Banking Foundation,13.754466,0.0,0.0
2017.0,1640.0,Bloomberg Family Foundation,180.7769,0.0,0.0
2017.0,1641.0,Susan T. Buffett Foundation,260.360895,0.0,0.0
2017.0,1642.0,Howard G. Buffett Foundation,138.643527,0.0,0.0
2017.0,1643.0,Open Society Foundations,226.820517,0.0,0.0
2017.0,1644.0,Fondation Botnar,24.450908,0.0,0.0
2017.0,1648.0,Leona M. and Harry B. Helmsley Charitable Trust,56.925275,0.0,0.0
2018.0,1.0,Austria,714.601233,0.0,0.0
2018.0,2.0,Belgium,1411.8193079999999,459.53486316560003,32.54912725457641
2018.0,3.0,Denmark,2351.973538,2347.06186040277,99.7911678206462
2018.0,4.0,France,10410.960423,214.18468454380002,2.0572999592873393
2018.0,5.0,Germany,23660.618857999998,8139.863125245165,34.40257912989017
2018.0,6.0,Italy,2318.5992250000004,491.680828453502,21.205942931060108
2018.0,7.0,Netherlands,3833.318225,3557.738067713288,92.81092408427133
2018.0,8.0,Norway,3900.17529,1555.9154056962025,39.89347375451431
2018.0,9.0,Portugal,187.29165,0.0,0.0
2018.0,10.0,Sweden,4047.541633,0.0,0.0
2018.0,11.0,Switzerland,2452.6742080000004,1812.6776683849769,73.90617402313289
2018.0,12.0,United Kingdom,13572.177131,11128.64120687532,81.99599150129394
2018.0,18.0,Finland,626.090473,886.313283713631,141.56313215672122
2018.0,20.0,Iceland,61.124734,0.0,0.0
2018.0,21.0,Ireland,530.322026,836.0757892477922,157.65435872124084
2018.0,22.0,Luxembourg,351.509795,0.0,0.0
2018.0,30.0,Cyprus,3.318847,0.0,0.0
2018.0,40.0,Greece,38.581449,0.0,0.0
2018.0,45.0,Malta,20.516557,0.0,0.0
2018.0,50.0,Spain,1235.518475,289.92517163432,23.465871008875038
2018.0,55.0,Türkiye,8733.02261,0.0,0.0
2018.0,61.0,Slovenia,34.582724,0.20067905619999998,0.5802870132497371
2018.0,62.0,Croatia,16.665545,0.0,0.0
2018.0,68.0,Czechia,100.167487,0.0,0.0
2018.0,69.0,Slovak Republic,32.35545,119.2692609818,368.621858085114
2018.0,70.0,Liechtenstein,18.71,0.0,0.0
2018.0,72.0,Bulgaria,9.75,0.0,0.0
2018.0,75.0,Hungary,129.115374,0.0,0.0
2018.0,76.0,Poland,288.631997,0.0,0.0
2018.0,77.0,Romania,59.240191,0.0,0.0
2018.0,82.0,Estonia,21.676181,0.0,0.0
2018.0,83.0,Latvia,4.91543,0.0,0.0
2018.0,84.0,Lithuania,12.060403,0.0,0.0
2018.0,104.0,Nordic Development Fund [NDF],33.587512,0.0,0.0
2018.0,301.0,Canada,3554.262674,1432.8049068030111,40.31229647949793
2018.0,302.0,United States,30933.15739,29377.126102,94.96969782818539
2018.0,546.0,Israel,315.382699,0.0,0.0
2018.0,552.0,Kuwait,2030.855677,0.0,0.0
2018.0,566.0,Saudi Arabia,5031.901936,1138.8472860000002,22.632541342912216
2018.0,576.0,United Arab Emirates,5525.9609199999995,1129.70376803,20.4435714328215
2018.0,611.0,Azerbaijan,5.338202,0.0,0.0
2018.0,613.0,Kazakhstan,33.415915,0.0,0.0
2018.0,701.0,Japan,13284.632208,0.0,0.0
2018.0,732.0,Chinese Taipei,265.335378,0.0,0.0
2018.0,742.0,Korea,9809.90111,0.0,0.0
2018.0,764.0,Thailand,61.835479,0.0,0.0
2018.0,801.0,Australia,2753.0605429999996,2480.864863761201,90.11297881076788
2018.0,811.0,Global Environment Facility [GEF],457.948401,0.0,0.0
2018.0,820.0,New Zealand,462.650011,353.7942804354239,76.47125732704757
2018.0,901.0,International Bank for Reconstruction and Development,0.0,1021.299436193342,
2018.0,901.0,International Bank for Reconstruction and Development [IBRD],17051.865966,0.0,0.0
2018.0,905.0,International Development Association,0.0,29997.887821,
2018.0,905.0,International Development Association [IDA],15887.942548,0.0,0.0
2018.0,906.0,Caribbean Development Bank [CarDB],62.16644,0.0,0.0
2018.0,909.0,Inter-American Development Bank,0.0,10294.298413,
2018.0,909.0,Inter-American Development Bank [IDB],9246.489176000001,0.0,0.0
2018.0,913.0,African Development Bank,0.0,4443.968236051548,
2018.0,913.0,African Development Bank [AfDB],4364.2336510000005,0.0,0.0
2018.0,914.0,African Development Fund,0.0,4443.968236051548,
2018.0,914.0,African Development Fund [AfDF],2112.811017,0.0,0.0
2018.0,915.0,Asian Development Bank,0.0,11810.83236173,
2018.0,915.0,Asian Development Bank [AsDB],14181.891731,0.0,0.0
2018.0,918.0,EU Institutions,21420.746086,2656.6288197078698,12.402130201450676
2018.0,921.0,Arab Fund (AFESD),564.640612,0.0,0.0
2018.0,923.0,UN Peacebuilding Fund [UNPBF],125.55935,0.0,0.0
2018.0,928.0,World Health Organisation [WHO],520.403926,0.0,0.0
2018.0,932.0,Food and Agriculture Organisation,0.0,383.21027614999997,
2018.0,932.0,Food and Agriculture Organisation [FAO],396.862549,0.0,0.0
2018.0,940.0,International Labour Organisation [ILO],226.513458,0.0,0.0
2018.0,944.0,International Atomic Energy Agency [IAEA],89.624252,0.0,0.0
2018.0,951.0,OPEC Fund for International Development [OPEC Fund],1409.570344,0.0,0.0
2018.0,958.0,IMF Concessional Trust Funds,1214.036868,0.0,0.0
2018.0,959.0,UNDP,304.497378,2397.754801,787.446780904629
2018.0,963.0,UNICEF,1499.195609,5352.207456,357.0052782885385
2018.0,964.0,UNRWA,759.275668,0.0,0.0
2018.0,966.0,WFP,185.668493,0.0,0.0
2018.0,967.0,UNHCR,479.577811,4226.2501293800005,881.2438841921316
2018.0,971.0,UNAIDS,189.450498,56.980327,30.07663088856066
2018.0,974.0,UNFPA,211.5643,0.0,0.0
2018.0,976.0,Islamic Development Bank [IsDB],2267.33888,0.0,0.0
2018.0,976.0,Islamic Development Bank,0.0,2362.8592482900003,
2018.0,978.0,OSCE,115.681494,0.0,0.0
2018.0,988.0,IFAD,812.376634,857.5963981449695,105.56635460110606
2018.0,990.0,European Bank for Reconstruction and Development,0.0,1021.299436193342,
2018.0,990.0,European Bank for Reconstruction and Development [EBRD],5846.685948,0.0,0.0
2018.0,1011.0,Climate Investment Funds [CIF],407.685609,0.0,0.0
2018.0,1012.0,Adaptation Fund,49.288581,0.0,0.0
2018.0,1013.0,Council of Europe Development Bank [CEB],336.590825,0.0,0.0
2018.0,1014.0,Private Infrastructure Development Group,0.0,236.7093506476,
2018.0,1015.0,Development Bank of Latin America [CAF],8920.0,0.0,0.0
2018.0,1016.0,Green Climate Fund [GCF],307.263967,0.0,0.0
2018.0,1020.0,Central Emergency Response Fund [CERF],500.50826,0.0,0.0
2018.0,1023.0,World Tourism Organisation [UNWTO],9.752626,0.0,0.0
2018.0,1024.0,Asian Infrastructure Investment Bank [AIIB],381.527507,0.0,0.0
2018.0,1025.0,Center of Excellence in Finance [CEF],1.180223,0.0,0.0
2018.0,1311.0,Global Alliance for Vaccines and Immunization [GAVI],1564.564986,0.0,0.0
2018.0,1311.0,Global Alliance for Vaccines and Immunization,0.0,1375.4124470499999,
2018.0,1312.0,Global Fund,3282.929513,0.0,0.0
2018.0,1312.0,Global Fund,0.0,3283.54088385,
2018.0,1313.0,Global Green Growth Institute [GGGI],18.57061,0.0,0.0
2018.0,1313.0,Global Green Growth Institute,0.0,25.85581261,
2018.0,1601.0,Bill & Melinda Gates Foundation,3446.050946,0.0,0.0
2018.0,1602.0,Dutch Postcode Lottery,248.553056,0.0,0.0
2018.0,1603.0,Swedish Postcode Lottery,70.377787,0.0,0.0
2018.0,1604.0,People's Postcode Lottery,47.342933,0.0,0.0
2018.0,1605.0,MetLife Foundation,11.511017,0.0,0.0
2018.0,1606.0,Mastercard Foundation,263.336143,0.0,0.0
2018.0,1608.0,IKEA Foundation,118.93213,0.0,0.0
2018.0,1609.0,Van Leer Foundation,14.32643,0.0,0.0
2018.0,1610.0,MAVA Foundation,58.051692,0.0,0.0
2018.0,1611.0,Oak Foundation,211.116613,0.0,0.0
2018.0,1612.0,H&M Foundation,16.293878,0.0,0.0
2018.0,1613.0,Laudes Foundation,44.40389,0.0,0.0
2018.0,1614.0,Charity Projects Ltd (Comic Relief),36.04845,0.0,0.0
2018.0,1615.0,Children's Investment Fund Foundation,236.288367,0.0,0.0
2018.0,1616.0,Gatsby Charitable Foundation,13.788183,0.0,0.0
2018.0,1617.0,Conrad N. Hilton Foundation,46.413,0.0,0.0
2018.0,1618.0,David and Lucile Packard Foundation,122.892377,0.0,0.0
2018.0,1619.0,John D. and Catherine T. MacArthur Foundation,84.515294,0.0,0.0
2018.0,1620.0,Carnegie Corporation of New York,18.4674,0.0,0.0
2018.0,1621.0,Michael & Susan Dell Foundation,31.373737,0.0,0.0
2018.0,1622.0,"Omidyar Network Fund, Inc.",52.763308,0.0,0.0
2018.0,1623.0,Rockefeller Foundation,107.176771,0.0,0.0
2018.0,1624.0,William and Flora Hewlett Foundation,209.023218,0.0,0.0
2018.0,1624.0,William and Flora Hewlett Foundation,0.0,114.751332,
2018.0,1625.0,Arcus Foundation,15.912738,0.0,0.0
2018.0,1626.0,Gordon and Betty Moore Foundation,115.243276,0.0,0.0
2018.0,1627.0,Ford Foundation,225.701962,0.0,0.0
2018.0,1628.0,Wellcome Trust,275.309276,0.0,0.0
2018.0,1630.0,World Diabetes Foundation,11.292349,0.0,0.0
2018.0,1631.0,McKnight Foundation,9.284179,0.0,0.0
2018.0,1632.0,Citi Foundation,27.635,0.0,0.0
2018.0,1633.0,LEGO Foundation,21.016807,0.0,0.0
2018.0,1634.0,Norwegian Postcode Lottery,0.486853,0.0,0.0
2018.0,1636.0,Jacobs Foundation,16.071021000000002,0.0,0.0
2018.0,1637.0,Arcadia Fund,53.019941,0.0,0.0
2018.0,1638.0,Margaret A. Cargill Foundation,48.051715,0.0,0.0
2018.0,1639.0,La Caixa Banking Foundation,30.283893,0.0,0.0
2018.0,1640.0,Bloomberg Family Foundation,212.731617,0.0,0.0
2018.0,1641.0,Susan T. Buffett Foundation,307.175623,0.0,0.0
2018.0,1642.0,Howard G. Buffett Foundation,101.806397,0.0,0.0
2018.0,1643.0,Open Society Foundations,261.251536,0.0,0.0
2018.0,1644.0,Fondation Botnar,46.310434,0.0,0.0
2018.0,1648.0,Leona M. and Harry B. Helmsley Charitable Trust,42.009687,0.0,0.0
2019.0,1.0,Austria,771.430091,0.0,0.0
2019.0,2.0,Belgium,1350.620822,576.134354733,42.65700227247052
2019.0,3.0,Denmark,2243.386523,2540.9307052838794,113.26317062322298
2019.0,4.0,France,10774.495046999999,1334.11026096035,12.382114012218267
2019.0,5.0,Germany,22562.838482000003,9040.464226088281,40.06793840810636
2019.0,6.0,Italy,1501.0834,475.992719676526,31.709944942201478
2019.0,7.0,Netherlands,3440.264013,3509.005432565172,101.99814372691787
2019.0,8.0,Norway,3702.7415159999996,2085.8311848101266,56.33207653834313
2019.0,9.0,Portugal,186.158378,0.0,0.0
2019.0,10.0,Sweden,3629.941718,0.0,0.0
2019.0,11.0,Switzerland,2497.518541,1684.3332929247154,67.44027182478143
2019.0,12.0,United Kingdom,14885.646264,11980.833235931213,80.48581179109505
2019.0,18.0,Finland,724.221718,1508.0472905619297,208.23005622180605
2019.0,20.0,Iceland,51.350164,0.0,0.0
2019.0,21.0,Ireland,568.237399,918.4171613130571,161.6256098119049
2019.0,22.0,Luxembourg,366.822374,0.0,0.0
2019.0,30.0,Cyprus,6.392008,0.0,0.0
2019.0,40.0,Greece,144.14230899999998,0.0,0.0
2019.0,45.0,Malta,32.191529,0.0,0.0
2019.0,50.0,Spain,1119.393581,317.343686885058,28.34960752602868
2019.0,55.0,Türkiye,8469.041948,0.0,0.0
2019.0,61.0,Slovenia,31.082032,0.8347138038,2.685518771102224
2019.0,62.0,Croatia,20.362753,0.0,0.0
2019.0,68.0,Czechia,95.848178,0.0,0.0
2019.0,69.0,Slovak Republic,21.524309,121.0554536118,562.4127288443964
2019.0,70.0,Liechtenstein,19.23,0.0,0.0
2019.0,72.0,Bulgaria,8.82,0.0,0.0
2019.0,75.0,Hungary,158.560872,0.0,0.0
2019.0,76.0,Poland,241.18792,0.0,0.0
2019.0,77.0,Romania,64.54088,0.0,0.0
2019.0,82.0,Estonia,16.879131,0.0,0.0
2019.0,83.0,Latvia,4.461858,0.0,0.0
2019.0,84.0,Lithuania,12.007716,0.0,0.0
2019.0,104.0,Nordic Development Fund [NDF],31.011767,0.0,0.0
2019.0,301.0,Canada,3392.8082609999997,1602.378394539128,47.22867522336324
2019.0,302.0,United States,30185.815151000003,29946.552041000003,99.20736574843806
2019.0,546.0,Israel,239.319591,0.0,0.0
2019.0,552.0,Kuwait,729.785046,0.0,0.0
2019.0,561.0,Qatar,526.110208,0.0,0.0
2019.0,566.0,Saudi Arabia,2246.720007,143.801755,6.400519626476092
2019.0,576.0,United Arab Emirates,6210.394332,702.5076531499999,11.311804300899583
2019.0,611.0,Azerbaijan,6.422812,0.0,0.0
2019.0,613.0,Kazakhstan,26.731559,0.0,0.0
2019.0,701.0,Japan,14679.847722,0.0,0.0
2019.0,732.0,Chinese Taipei,258.245619,0.0,0.0
2019.0,742.0,Korea,4604.3947960000005,0.0,0.0
2019.0,764.0,Thailand,73.37371399999999,0.0,0.0
2019.0,801.0,Australia,2757.355099,2675.644109944401,97.03661711597347
2019.0,811.0,Global Environment Facility [GEF],289.070237,0.0,0.0
2019.0,820.0,New Zealand,455.373152,392.3184393002537,86.15317736172854
2019.0,901.0,International Bank for Reconstruction and Development,0.0,908.853652501034,
2019.0,901.0,International Bank for Reconstruction and Development [IBRD],19472.877941,0.0,0.0
2019.0,905.0,International Development Association,0.0,34096.470388999995,
2019.0,905.0,International Development Association [IDA],18389.289398,0.0,0.0
2019.0,906.0,Caribbean Development Bank [CarDB],180.48346,0.0,0.0
2019.0,909.0,Inter-American Development Bank,0.0,9379.950996,
2019.0,909.0,Inter-American Development Bank [IDB],8995.718195,0.0,0.0
2019.0,913.0,African Development Bank,0.0,3948.4472711039984,
2019.0,913.0,African Development Bank [AfDB],3597.800073,0.0,0.0
2019.0,914.0,African Development Fund,0.0,3948.4472711039984,
2019.0,914.0,African Development Fund [AfDF],1943.661441,0.0,0.0
2019.0,915.0,Asian Development Bank,0.0,14191.139197760001,
2019.0,915.0,Asian Development Bank [AsDB],16717.258382,0.0,0.0
2019.0,918.0,EU Institutions,19130.002212,3268.235049808226,17.08434224726908
2019.0,921.0,Arab Fund (AFESD),722.296055,0.0,0.0
2019.0,923.0,UN Peacebuilding Fund [UNPBF],146.940444,0.0,0.0
2019.0,928.0,World Health Organisation,0.0,53.3919601,
2019.0,928.0,World Health Organisation [WHO],547.805263,0.0,0.0
2019.0,932.0,Food and Agriculture Organisation,0.0,392.63656133,
2019.0,932.0,Food and Agriculture Organisation [FAO],455.029436,0.0,0.0
2019.0,940.0,International Labour Organisation [ILO],280.722783,0.0,0.0
2019.0,944.0,International Atomic Energy Agency [IAEA],82.735012,0.0,0.0
2019.0,951.0,OPEC Fund for International Development [OPEC Fund],1172.948406,0.0,0.0
2019.0,958.0,IMF Concessional Trust Funds,1472.842336,0.0,0.0
2019.0,959.0,UNDP,371.953333,2888.085337,776.4644327034434
2019.0,963.0,UNICEF,1023.476,5649.260431,551.968041361009
2019.0,964.0,UNRWA,765.022,0.0,0.0
2019.0,966.0,WFP,308.90718,0.0,0.0
2019.0,967.0,UNHCR,669.032424,4415.29148913,659.95179467266
2019.0,971.0,UNAIDS,135.266862,59.766878,44.18441968440134
2019.0,974.0,UNFPA,416.650866,0.0,0.0
2019.0,976.0,Islamic Development Bank [IsDB],2685.167836,0.0,0.0
2019.0,976.0,Islamic Development Bank,0.0,2749.04543963,
2019.0,978.0,OSCE,111.353197,0.0,0.0
2019.0,988.0,IFAD,886.8119139999999,910.9876074496764,102.72613539218605
2019.0,990.0,European Bank for Reconstruction and Development,0.0,908.853652501034,
2019.0,990.0,European Bank for Reconstruction and Development [EBRD],5654.593248,0.0,0.0
2019.0,1011.0,Climate Investment Funds [CIF],98.45850100000001,0.0,0.0
2019.0,1012.0,Adaptation Fund,63.859324,0.0,0.0
2019.0,1013.0,Council of Europe Development Bank [CEB],408.888389,0.0,0.0
2019.0,1014.0,Private Infrastructure Development Group,0.0,270.3439693564,
2019.0,1015.0,Development Bank of Latin America [CAF],8213.0,0.0,0.0
2019.0,1016.0,Green Climate Fund [GCF],504.78798900000004,0.0,0.0
2019.0,1020.0,Central Emergency Response Fund [CERF],537.669991,0.0,0.0
2019.0,1023.0,World Tourism Organisation [UNWTO],8.310646,0.0,0.0
2019.0,1024.0,Asian Infrastructure Investment Bank [AIIB],478.435766,0.0,0.0
2019.0,1025.0,Center of Excellence in Finance [CEF],1.119444,0.0,0.0
2019.0,1037.0,International Investment Bank [IIB],62.824889,0.0,0.0
2019.0,1038.0,UN Institute for Disarmament Research [UNIDIR],0.184049,0.0,0.0
2019.0,1050.0,WHO-Strategic Preparedness and Response Plan,0.0,53.3919601,
2019.0,1311.0,Global Alliance for Vaccines and Immunization [GAVI],2081.161404,0.0,0.0
2019.0,1311.0,Global Alliance for Vaccines and Immunization,0.0,1838.43983237,
2019.0,1312.0,Global Fund,3583.303761,0.0,0.0
2019.0,1312.0,Global Fund,0.0,3576.69899533,
2019.0,1313.0,Global Green Growth Institute [GGGI],8.305917,0.0,0.0
2019.0,1313.0,Global Green Growth Institute,0.0,22.41300979,
2019.0,1601.0,Bill & Melinda Gates Foundation,3599.823173,4136.31892868,114.90339191391163
2019.0,1602.0,Dutch Postcode Lottery,237.934734,0.0,0.0
2019.0,1603.0,Swedish Postcode Lottery,55.777872,0.0,0.0
2019.0,1604.0,People's Postcode Lottery,57.298961,0.0,0.0
2019.0,1605.0,MetLife Foundation,14.040657,0.0,0.0
2019.0,1606.0,Mastercard Foundation,298.269151,0.0,0.0
2019.0,1608.0,IKEA Foundation,192.450891,0.0,0.0
2019.0,1609.0,Van Leer Foundation,14.263397,0.0,0.0
2019.0,1610.0,MAVA Foundation,39.759232,0.0,0.0
2019.0,1611.0,Oak Foundation,136.253087,0.0,0.0
2019.0,1612.0,H&M Foundation,16.547619,0.0,0.0
2019.0,1613.0,Laudes Foundation,45.566574,0.0,0.0
2019.0,1614.0,Charity Projects Ltd (Comic Relief),46.287848,0.0,0.0
2019.0,1615.0,Children's Investment Fund Foundation,271.607701,0.0,0.0
2019.0,1616.0,Gatsby Charitable Foundation,18.854008,0.0,0.0
2019.0,1617.0,Conrad N. Hilton Foundation,42.255,0.0,0.0
2019.0,1618.0,David and Lucile Packard Foundation,119.809653,0.0,0.0
2019.0,1619.0,John D. and Catherine T. MacArthur Foundation,109.026657,0.0,0.0
2019.0,1620.0,Carnegie Corporation of New York,23.965,0.0,0.0
2019.0,1621.0,Michael & Susan Dell Foundation,35.330546,0.0,0.0
2019.0,1622.0,"Omidyar Network Fund, Inc.",58.937276,0.0,0.0
2019.0,1623.0,Rockefeller Foundation,110.565889,0.0,0.0
2019.0,1624.0,William and Flora Hewlett Foundation,123.348012,0.0,0.0
2019.0,1624.0,William and Flora Hewlett Foundation,0.0,79.539004,
2019.0,1625.0,Arcus Foundation,15.103247,0.0,0.0
2019.0,1626.0,Gordon and Betty Moore Foundation,48.195301,0.0,0.0
2019.0,1627.0,Ford Foundation,196.155417,0.0,0.0
2019.0,1628.0,Wellcome Trust,326.930027,0.0,0.0
2019.0,1629.0,UBS Optimus Foundation,89.28633,0.0,0.0
2019.0,1630.0,World Diabetes Foundation,16.678197,0.0,0.0
2019.0,1631.0,McKnight Foundation,8.752,0.0,0.0
2019.0,1632.0,Citi Foundation,26.920004,0.0,0.0
2019.0,1633.0,LEGO Foundation,44.49486,0.0,0.0
2019.0,1634.0,Norwegian Postcode Lottery,2.031648,0.0,0.0
2019.0,1636.0,Jacobs Foundation,17.359865,0.0,0.0
2019.0,1637.0,Arcadia Fund,55.050779,0.0,0.0
2019.0,1638.0,Margaret A. Cargill Foundation,44.170194,0.0,0.0
2019.0,1639.0,La Caixa Banking Foundation,41.104352,0.0,0.0
2019.0,1640.0,Bloomberg Family Foundation,142.931498,0.0,0.0
2019.0,1641.0,Susan T. Buffett Foundation,345.134749,0.0,0.0
2019.0,1642.0,Howard G. Buffett Foundation,155.534457,0.0,0.0
2019.0,1643.0,Open Society Foundations,263.977896,0.0,0.0
2019.0,1644.0,Fondation Botnar,40.132677,0.0,0.0
2019.0,1648.0,Leona M. and Harry B. Helmsley Charitable Trust,56.068977,0.0,0.0
2020.0,1.0,Austria,785.239369,0.0,0.0
2020.0,2.0,Belgium,1302.742995,679.0282412734001,52.12296238625333
2020.0,3.0,Denmark,1834.9741569999999,2674.6163324014674,145.75771120254896
2020.0,4.0,France,14053.318727000002,4054.2939043254355,28.84936991100974
2020.0,5.0,Germany,27391.559262,10148.22796446864,37.048741429434294
2020.0,6.0,Italy,1517.7039750000001,457.45231118748404,30.14107617313739
2020.0,7.0,Netherlands,3748.293802,3665.6200433774475,97.79436290243737
2020.0,8.0,Norway,3525.811316,3572.2635184448463,101.31748974297201
2020.0,9.0,Portugal,252.338965,0.0,0.0
2020.0,10.0,Sweden,3696.490251,0.0,0.0
2020.0,11.0,Switzerland,2940.778985,2025.1868713533108,68.86566048258506
2020.0,12.0,United Kingdom,13974.094350000001,10525.849078078885,75.32401610039855
2020.0,18.0,Finland,804.765554,1185.6176444003202,147.3246013708385
2020.0,20.0,Iceland,46.134829,0.0,0.0
2020.0,21.0,Ireland,521.951298,916.3156929140218,175.55578392565315
2020.0,22.0,Luxembourg,314.805476,0.0,0.0
2020.0,30.0,Cyprus,2.650518,0.0,0.0
2020.0,40.0,Greece,84.77698399999998,0.0,0.0
2020.0,45.0,Malta,47.160037,0.0,0.0
2020.0,50.0,Spain,1036.169353,330.46211200256005,31.892673822650693
2020.0,55.0,Türkiye,8032.579143,0.0,0.0
2020.0,61.0,Slovenia,31.269769,0.9464946184,3.026867957994829
2020.0,62.0,Croatia,19.335253,0.0,0.0
2020.0,68.0,Czechia,72.701704,0.0,0.0
2020.0,69.0,Slovak Republic,37.34696,129.1309042676,345.76014826266976
2020.0,70.0,Liechtenstein,18.91,0.0,0.0
2020.0,72.0,Bulgaria,9.21,0.0,0.0
2020.0,75.0,Hungary,225.928888,0.0,0.0
2020.0,76.0,Poland,233.064183,0.0,0.0
2020.0,77.0,Romania,75.296572,0.0,0.0
2020.0,82.0,Estonia,16.683546,0.0,0.0
2020.0,83.0,Latvia,4.975033,0.0,0.0
2020.0,84.0,Lithuania,11.90099,0.0,0.0
2020.0,104.0,Nordic Development Fund [NDF],59.640194,0.0,0.0
2020.0,301.0,Canada,3996.950526,2070.105861901719,51.792131236945885
2020.0,302.0,United States,31221.842128,29280.88642,93.7833402012518
2020.0,546.0,Israel,241.594572,0.0,0.0
2020.0,552.0,Kuwait,756.751494,0.0,0.0
2020.0,561.0,Qatar,541.765566,0.0,0.0
2020.0,566.0,Saudi Arabia,1898.926107,269.20791407999997,14.176850436023836
2020.0,576.0,United Arab Emirates,1894.4709289999998,85.68712495,4.523010812059814
2020.0,611.0,Azerbaijan,33.287837,0.0,0.0
2020.0,613.0,Kazakhstan,30.185923,0.0,0.0
2020.0,701.0,Japan,16887.0694,0.0,0.0
2020.0,732.0,Chinese Taipei,213.617513,0.0,0.0
2020.0,742.0,Korea,4077.7114970000002,0.0,0.0
2020.0,764.0,Thailand,54.72761,0.0,0.0
2020.0,801.0,Australia,2344.673178,1982.0234096894008,84.5330354902623
2020.0,811.0,Global Environment Facility [GEF],401.522193,0.0,0.0
2020.0,820.0,New Zealand,453.676015,404.81408949790546,89.22977545945545
2020.0,901.0,International Bank for Reconstruction and Development,0.0,1322.037880691088,
2020.0,901.0,International Bank for Reconstruction and Development [IBRD],24903.42951,0.0,0.0
2020.0,905.0,International Development Association,0.0,43432.170795,
2020.0,905.0,International Development Association [IDA],22436.33341,0.0,0.0
2020.0,906.0,Caribbean Development Bank [CarDB],158.738,0.0,0.0
2020.0,909.0,Inter-American Development Bank,0.0,13590.883787,
2020.0,909.0,Inter-American Development Bank [IDB],11088.594737,0.0,0.0
2020.0,910.0,Central American Bank for Economic Integration [CABEI],1729.199098,0.0,0.0
2020.0,913.0,African Development Bank,0.0,6220.680974762445,
2020.0,913.0,African Development Bank [AfDB],4776.842814,0.0,0.0
2020.0,914.0,African Development Fund,0.0,6220.680974762445,
2020.0,914.0,African Development Fund [AfDF],2851.176963,0.0,0.0
2020.0,915.0,Asian Development Bank,0.0,22044.09815451,
2020.0,915.0,Asian Development Bank [AsDB],23839.952943999997,0.0,0.0
2020.0,918.0,EU Institutions,24930.200495999998,5149.054524371542,20.653883329970405
2020.0,921.0,Arab Fund (AFESD),618.354025,0.0,0.0
2020.0,923.0,UN Peacebuilding Fund [UNPBF],179.78175,0.0,0.0
2020.0,928.0,World Health Organisation,0.0,1611.4406241799998,
2020.0,928.0,World Health Organisation [WHO],275.075169,0.0,0.0
2020.0,932.0,Food and Agriculture Organisation,0.0,402.38934825,
2020.0,932.0,Food and Agriculture Organisation [FAO],425.225933,0.0,0.0
2020.0,940.0,International Labour Organisation [ILO],216.636157,0.0,0.0
2020.0,944.0,International Atomic Energy Agency [IAEA],66.848907,0.0,0.0
2020.0,951.0,OPEC Fund for International Development [OPEC Fund],1149.514886,0.0,0.0
2020.0,958.0,IMF Concessional Trust Funds,9998.09799,0.0,0.0
2020.0,959.0,UNDP,400.846458,3524.154185,879.1780779562233
2020.0,962.0,United Nations Conference on Trade and Development [UNCTAD],2.3571,0.0,0.0
2020.0,963.0,UNICEF,973.501,5699.663976,585.4810602146274
2020.0,964.0,UNRWA,774.5819779999999,0.0,0.0
2020.0,966.0,WFP,323.9818,8062.02101824,2488.417873547218
2020.0,967.0,UNHCR,629.619101,4837.666033559999,768.3480418361703
2020.0,971.0,UNAIDS,128.955648,70.035733,54.30993840610998
2020.0,974.0,UNFPA,429.85364,0.0,0.0
2020.0,976.0,Islamic Development Bank [IsDB],2488.4674489999998,0.0,0.0
2020.0,976.0,Islamic Development Bank,0.0,2639.80737568,
2020.0,978.0,OSCE,70.847267,0.0,0.0
2020.0,981.0,Black Sea Trade & Development Bank [BSTDB],439.958353,0.0,0.0
2020.0,988.0,IFAD,805.808873,824.2792021421278,102.29214764952432
2020.0,990.0,European Bank for Reconstruction and Development,0.0,1322.037880691088,
2020.0,990.0,European Bank for Reconstruction and Development [EBRD],6157.823045,0.0,0.0
2020.0,1011.0,Climate Investment Funds [CIF],600.0840460000001,0.0,0.0
2020.0,1012.0,Adaptation Fund,76.677937,0.0,0.0
2020.0,1013.0,Council of Europe Development Bank [CEB],269.129561,0.0,0.0
2020.0,1014.0,Private Infrastructure Development Group,0.0,404.243354825,
2020.0,1015.0,Development Bank of Latin America [CAF],8805.0,0.0,0.0
2020.0,1016.0,Green Climate Fund [GCF],512.909198,0.0,0.0
2020.0,1019.0,IDB Invest,2277.49203,0.0,0.0
2020.0,1020.0,Central Emergency Response Fund [CERF],848.141,0.0,0.0
2020.0,1023.0,World Tourism Organisation [UNWTO],8.031028,0.0,0.0
2020.0,1024.0,Asian Infrastructure Investment Bank [AIIB],5248.740651,0.0,0.0
2020.0,1025.0,Center of Excellence in Finance [CEF],1.139601,0.0,0.0
2020.0,1037.0,International Investment Bank [IIB],93.0,0.0,0.0
2020.0,1038.0,UN Institute for Disarmament Research [UNIDIR],0.385909,0.0,0.0
2020.0,1039.0,UN Capital Development Fund [UNCDF],11.744771,0.0,0.0
2020.0,1045.0,North American Development Bank [NADB],13.384,0.0,0.0
2020.0,1046.0,UN Women,0.0,399.729965,
2020.0,1050.0,WHO-Strategic Preparedness and Response Plan,0.0,1611.4406241799998,
2020.0,1311.0,Global Alliance for Vaccines and Immunization [GAVI],1993.314632,0.0,0.0
2020.0,1311.0,Global Alliance for Vaccines and Immunization,0.0,1983.24510097,
2020.0,1312.0,Global Fund,4254.927259,0.0,0.0
2020.0,1312.0,Global Fund,0.0,4229.43538272,
2020.0,1313.0,Global Green Growth Institute [GGGI],5.010268,0.0,0.0
2020.0,1313.0,Global Green Growth Institute,0.0,27.3363527,
2020.0,1401.0,WTO - International Trade Centre [ITC],51.671581,0.0,0.0
2020.0,1406.0,United Nations Industrial Development Organization [UNIDO],3.660828,0.0,0.0
2020.0,1601.0,Bill & Melinda Gates Foundation,4068.606561,4689.39018519,115.25789271787983
2020.0,1602.0,Dutch Postcode Lottery,222.115099,0.0,0.0
2020.0,1603.0,Swedish Postcode Lottery,59.63929,0.0,0.0
2020.0,1604.0,People's Postcode Lottery,70.008339,0.0,0.0
2020.0,1605.0,MetLife Foundation,1.381,0.0,0.0
2020.0,1606.0,Mastercard Foundation,870.822212,0.0,0.0
2020.0,1608.0,IKEA Foundation,162.048694,0.0,0.0
2020.0,1609.0,Van Leer Foundation,14.268164,0.0,0.0
2020.0,1610.0,MAVA Foundation,70.83313,0.0,0.0
2020.0,1611.0,Oak Foundation,155.248245,0.0,0.0
2020.0,1612.0,H&M Foundation,15.219826,0.0,0.0
2020.0,1613.0,Laudes Foundation,41.151325,0.0,0.0
2020.0,1614.0,Charity Projects Ltd (Comic Relief),26.826638,0.0,0.0
2020.0,1615.0,Children's Investment Fund Foundation,359.42704200000003,0.0,0.0
2020.0,1616.0,Gatsby Charitable Foundation,17.827369,0.0,0.0
2020.0,1617.0,Conrad N. Hilton Foundation,67.161,0.0,0.0
2020.0,1618.0,David and Lucile Packard Foundation,145.147355,0.0,0.0
2020.0,1619.0,John D. and Catherine T. MacArthur Foundation,106.860929,0.0,0.0
2020.0,1620.0,Carnegie Corporation of New York,19.79,0.0,0.0
2020.0,1621.0,Michael & Susan Dell Foundation,60.25291,0.0,0.0
2020.0,1622.0,"Omidyar Network Fund, Inc.",29.67873,0.0,0.0
2020.0,1623.0,Rockefeller Foundation,119.10417,0.0,0.0
2020.0,1624.0,William and Flora Hewlett Foundation,160.446155,0.0,0.0
2020.0,1624.0,William and Flora Hewlett Foundation,0.0,87.0281368,
2020.0,1625.0,Arcus Foundation,19.203488,0.0,0.0
2020.0,1626.0,Gordon and Betty Moore Foundation,60.091568,0.0,0.0
2020.0,1627.0,Ford Foundation,237.888058,0.0,0.0
2020.0,1628.0,Wellcome Trust,531.672999,0.0,0.0
2020.0,1629.0,UBS Optimus Foundation,103.765214,0.0,0.0
2020.0,1630.0,World Diabetes Foundation,25.402677,0.0,0.0
2020.0,1631.0,McKnight Foundation,3.919,0.0,0.0
2020.0,1632.0,Citi Foundation,29.44,0.0,0.0
2020.0,1633.0,LEGO Foundation,97.557172,0.0,0.0
2020.0,1634.0,Norwegian Postcode Lottery,5.587962,0.0,0.0
2020.0,1636.0,Jacobs Foundation,17.968167,0.0,0.0
2020.0,1637.0,Arcadia Fund,18.092498,0.0,0.0
2020.0,1638.0,Margaret A. Cargill Foundation,42.099895,0.0,0.0
2020.0,1639.0,La Caixa Banking Foundation,19.808442,0.0,0.0
2020.0,1640.0,Bloomberg Family Foundation,193.888703,0.0,0.0
2020.0,1641.0,Susan T. Buffett Foundation,317.574007,0.0,0.0
2020.0,1642.0,Howard G. Buffett Foundation,94.070149,0.0,0.0
2020.0,1643.0,Open Society Foundations,340.695795,0.0,0.0
2020.0,1644.0,Fondation Botnar,61.001747,0.0,0.0
2020.0,1646.0,Bezos Earth Fund,288.249501,0.0,0.0
2020.0,1648.0,Leona M. and Harry B. Helmsley Charitable Trust,65.309494,0.0,0.0
2021.0,1.0,Austria,896.7881580000001,0.0,0.0
2021.0,2.0,Belgium,1537.153906,1006.5415149088,65.48085464831782
2021.0,3.0,Denmark,2211.985522,2719.7657740833583,122.95585784956862
2021.0,4.0,France,13999.60635,3326.035616819434,23.758065288881742
2021.0,5.0,Germany,30087.232424,13608.816773274095,45.2312016655231
2021.0,6.0,Italy,2807.785002,506.918471827856,18.054034460144752
2021.0,7.0,Netherlands,3820.123273,3658.96926320587,95.78144477867664
2021.0,8.0,Norway,3969.13911,3630.925317902351,91.47891311630926
2021.0,9.0,Portugal,248.607258,0.0,0.0
2021.0,10.0,Sweden,4043.0417420000003,0.0,0.0
2021.0,11.0,Switzerland,3067.6129170000004,2653.875862459638,86.51273593719966
2021.0,12.0,United Kingdom,11890.999529,6968.363952965739,58.602003439417835
2021.0,18.0,Finland,827.6047490000001,1290.313967484601,155.90944458012058
2021.0,20.0,Iceland,57.573894,0.0,0.0
2021.0,21.0,Ireland,622.146987,939.0170377484723,150.9317022133987
2021.0,22.0,Luxembourg,365.220009,0.0,0.0
2021.0,26.0,Monaco,21.776558,0.0,0.0
2021.0,30.0,Cyprus,6.172141,0.0,0.0
2021.0,40.0,Greece,74.489098,0.0,0.0
2021.0,45.0,Malta,48.655651,0.0,0.0
2021.0,50.0,Spain,1582.371612,122.513582452432,7.742402702585391
2021.0,55.0,Türkiye,7627.99339,0.0,0.0
2021.0,61.0,Slovenia,46.112665,0.0,0.0
2021.0,62.0,Croatia,23.866557,0.0,0.0
2021.0,68.0,Czechia,88.510432,0.0,0.0
2021.0,69.0,Slovak Republic,36.663967,143.00848400339999,390.0518566455179
2021.0,70.0,Liechtenstein,25.146491,0.0,0.0
2021.0,72.0,Bulgaria,13.95,0.0,0.0
2021.0,75.0,Hungary,253.234757,0.0,0.0
2021.0,76.0,Poland,307.926812,0.0,0.0
2021.0,77.0,Romania,86.040964,0.0,0.0
2021.0,82.0,Estonia,24.771773,0.0,0.0
2021.0,83.0,Latvia,7.277892,0.0,0.0
2021.0,84.0,Lithuania,19.299328,0.0,0.0
2021.0,104.0,Nordic Development Fund [NDF],35.738279,0.0,0.0
2021.0,301.0,Canada,5101.633865,3304.3394806064484,64.77022005197249
2021.0,302.0,United States,41503.49254,31069.840652,74.86078580508781
2021.0,546.0,Israel,318.963998,0.0,0.0
2021.0,552.0,Kuwait,774.76176,0.0,0.0
2021.0,561.0,Qatar,612.1325499999999,0.0,0.0
2021.0,566.0,Saudi Arabia,7330.351388,911.72492065,12.437670070530594
2021.0,576.0,United Arab Emirates,1454.0065630000001,280.6408331,19.3012081404202
2021.0,613.0,Kazakhstan,36.900819,0.0,0.0
2021.0,701.0,Japan,17808.338935,0.0,0.0
2021.0,732.0,Chinese Taipei,193.243583,0.0,0.0
2021.0,742.0,Korea,4458.337066,0.0,0.0
2021.0,764.0,Thailand,72.041329,0.0,0.0
2021.0,801.0,Australia,3080.837142,0.0,0.0
2021.0,811.0,Global Environment Facility [GEF],477.300756,0.0,0.0
2021.0,820.0,New Zealand,598.7212519999999,516.7861855212697,86.31498945376833
2021.0,901.0,International Bank for Reconstruction and Development,0.0,1700.794351430746,
2021.0,901.0,International Bank for Reconstruction and Development [IBRD],23722.82232,0.0,0.0
2021.0,905.0,International Development Association,0.0,42330.94326,
2021.0,905.0,International Development Association [IDA],21907.61573,0.0,0.0
2021.0,906.0,Caribbean Development Bank [CarDB],160.164127,0.0,0.0
2021.0,909.0,Inter-American Development Bank,0.0,11065.022625,
2021.0,909.0,Inter-American Development Bank [IDB],10318.835361,0.0,0.0
2021.0,910.0,Central American Bank for Economic Integration [CABEI],2661.838475,0.0,0.0
2021.0,913.0,African Development Bank,0.0,4035.4585227069665,
2021.0,913.0,African Development Bank [AfDB],2471.43211,0.0,0.0
2021.0,914.0,African Development Fund,0.0,4035.4585227069665,
2021.0,914.0,African Development Fund [AfDF],2546.444506,0.0,0.0
2021.0,915.0,Asian Development Bank,0.0,15446.84305623,
2021.0,915.0,Asian Development Bank [AsDB],18331.123249,0.0,0.0
2021.0,918.0,EU Institutions,25245.170482999998,6977.75834007252,27.63997313771882
2021.0,921.0,Arab Fund (AFESD),172.43,0.0,0.0
2021.0,923.0,UN Peacebuilding Fund [UNPBF],196.03562,0.0,0.0
2021.0,928.0,World Health Organisation,0.0,1962.6849814199998,
2021.0,928.0,World Health Organisation [WHO],609.972669,0.0,0.0
2021.0,932.0,Food and Agriculture Organisation,0.0,391.55642338,
2021.0,932.0,Food and Agriculture Organisation [FAO],432.36836,0.0,0.0
2021.0,940.0,International Labour Organisation [ILO],255.1698,0.0,0.0
2021.0,944.0,International Atomic Energy Agency [IAEA],72.433418,0.0,0.0
2021.0,951.0,OPEC Fund for International Development [OPEC Fund],1373.9339380000001,0.0,0.0
2021.0,958.0,IMF Concessional Trust Funds,4556.0546300000005,0.0,0.0
2021.0,959.0,UNDP,430.45199,4401.727398,1022.5826573597672
2021.0,962.0,United Nations Conference on Trade and Development [UNCTAD],1.797521,0.0,0.0
2021.0,963.0,UNICEF,906.707,8027.448995430001,885.3410192520847
2021.0,964.0,UNRWA,727.358507,0.0,0.0
2021.0,966.0,WFP,343.72957,9251.92660732,2691.6295293768294
2021.0,967.0,UNHCR,597.02033,4917.97488799,823.753336505308
2021.0,971.0,UNAIDS,88.201716,68.671152,77.85693421202826
2021.0,974.0,UNFPA,329.977858,0.0,0.0
2021.0,976.0,Islamic Development Bank [IsDB],7681.481382999999,0.0,0.0
2021.0,976.0,Islamic Development Bank,0.0,2242.80879982,
2021.0,978.0,OSCE,115.844674,0.0,0.0
2021.0,981.0,Black Sea Trade & Development Bank [BSTDB],275.43009,0.0,0.0
2021.0,988.0,IFAD,797.5379999999999,913.0506302013519,114.48365221486023
2021.0,990.0,European Bank for Reconstruction and Development,0.0,1700.794351430746,
2021.0,990.0,European Bank for Reconstruction and Development [EBRD],5865.541107,0.0,0.0
2021.0,1011.0,Climate Investment Funds [CIF],218.171402,0.0,0.0
2021.0,1012.0,Adaptation Fund,63.498402,0.0,0.0
2021.0,1013.0,Council of Europe Development Bank [CEB],607.144491,0.0,0.0
2021.0,1014.0,Private Infrastructure Development Group,0.0,335.1364460739,
2021.0,1015.0,Development Bank of Latin America [CAF],7660.0,0.0,0.0
2021.0,1016.0,Green Climate Fund [GCF],843.800137,0.0,0.0
2021.0,1019.0,IDB Invest,4044.30901,0.0,0.0
2021.0,1020.0,Central Emergency Response Fund [CERF],548.049,0.0,0.0
2021.0,1023.0,World Tourism Organisation [UNWTO],13.361283,0.0,0.0
2021.0,1024.0,Asian Infrastructure Investment Bank [AIIB],6927.00686,0.0,0.0
2021.0,1025.0,Center of Excellence in Finance [CEF],1.182592,0.0,0.0
2021.0,1037.0,International Investment Bank [IIB],43.689945,0.0,0.0
2021.0,1038.0,UN Institute for Disarmament Research [UNIDIR],0.483,0.0,0.0
2021.0,1039.0,UN Capital Development Fund [UNCDF],13.362699,0.0,0.0
2021.0,1045.0,North American Development Bank [NADB],5.696000000000001,0.0,0.0
2021.0,1046.0,UN Women,152.247119,486.884114,319.7985730028822
2021.0,1047.0,COVID-19 Response and Recovery Multi-Partner Trust Fund [UN COVID-19 MPTF],22.23812,0.0,0.0
2021.0,1048.0,Joint Sustainable Development Goals Fund [Joint SDG Fund],55.9371,0.0,0.0
2021.0,1049.0,International Commission on Missing Persons [ICMP],0.8658210000000001,0.0,0.0
2021.0,1050.0,WHO-Strategic Preparedness and Response Plan,0.0,1962.6849814199998,
2021.0,1050.0,WHO-Strategic Preparedness and Response Plan [SPRP],159.956715,0.0,0.0
2021.0,1052.0,International Centre for Genetic Engineering and Biotechnology [ICGEB],3.962037,0.0,0.0
2021.0,1054.0,World Organisation for Animal Health [WOAH],11.438449,0.0,0.0
2021.0,1311.0,Global Alliance for Vaccines and Immunization [GAVI],1629.04926,0.0,0.0
2021.0,1311.0,Global Alliance for Vaccines and Immunization,0.0,12425.764616789998,
2021.0,1312.0,Global Fund,5192.387179,0.0,0.0
2021.0,1312.0,Global Fund,0.0,5232.44699622,
2021.0,1313.0,Global Green Growth Institute [GGGI],3.408166,0.0,0.0
2021.0,1313.0,Global Green Growth Institute,0.0,45.35040835,
2021.0,1401.0,WTO - International Trade Centre [ITC],52.467863,0.0,0.0
2021.0,1404.0,World Trade Organisation,0.284506,0.0,0.0
2021.0,1406.0,United Nations Industrial Development Organization [UNIDO],4.38232,0.0,0.0
2021.0,1601.0,Bill & Melinda Gates Foundation,4310.819283,4821.54000619,111.84741668953883
2021.0,1602.0,Dutch Postcode Lottery,209.450881,0.0,0.0
2021.0,1603.0,Swedish Postcode Lottery,59.745953,0.0,0.0
2021.0,1604.0,People's Postcode Lottery,61.558454,0.0,0.0
2021.0,1606.0,Mastercard Foundation,1324.081211,0.0,0.0
2021.0,1608.0,IKEA Foundation,276.786366,0.0,0.0
2021.0,1609.0,Van Leer Foundation,14.063891,0.0,0.0
2021.0,1610.0,MAVA Foundation,75.045948,0.0,0.0
2021.0,1611.0,Oak Foundation,156.770216,0.0,0.0
2021.0,1612.0,H&M Foundation,9.424032,0.0,0.0
2021.0,1613.0,Laudes Foundation,50.401044,0.0,0.0
2021.0,1614.0,Charity Projects Ltd (Comic Relief),24.229017,0.0,0.0
2021.0,1615.0,Children's Investment Fund Foundation,362.219357,0.0,0.0
2021.0,1617.0,Conrad N. Hilton Foundation,137.712501,0.0,0.0
2021.0,1618.0,David and Lucile Packard Foundation,202.922499,0.0,0.0
2021.0,1619.0,John D. and Catherine T. MacArthur Foundation,121.629148,0.0,0.0
2021.0,1620.0,Carnegie Corporation of New York,14.535,0.0,0.0
2021.0,1621.0,Michael & Susan Dell Foundation,43.979124,0.0,0.0
2021.0,1622.0,"Omidyar Network Fund, Inc.",26.02328,0.0,0.0
2021.0,1623.0,Rockefeller Foundation,343.387088,0.0,0.0
2021.0,1624.0,William and Flora Hewlett Foundation,183.896881,0.0,0.0
2021.0,1624.0,William and Flora Hewlett Foundation,0.0,95.510053,
2021.0,1625.0,Arcus Foundation,19.068564,0.0,0.0
2021.0,1626.0,Gordon and Betty Moore Foundation,98.754906,0.0,0.0
2021.0,1627.0,Ford Foundation,284.756389,0.0,0.0
2021.0,1628.0,Wellcome Trust,509.817562,0.0,0.0
2021.0,1629.0,UBS Optimus Foundation,78.072037,0.0,0.0
2021.0,1630.0,World Diabetes Foundation,26.335771,0.0,0.0
2021.0,1632.0,Citi Foundation,19.508336,0.0,0.0
2021.0,1633.0,LEGO Foundation,196.2668,0.0,0.0
2021.0,1634.0,Norwegian Postcode Lottery,9.246462,0.0,0.0
2021.0,1636.0,Jacobs Foundation,38.34491,0.0,0.0
2021.0,1637.0,Arcadia Fund,54.382308,0.0,0.0
2021.0,1638.0,Margaret A. Cargill Foundation,49.737202,0.0,0.0
2021.0,1639.0,La Caixa Banking Foundation,20.687913,0.0,0.0
2021.0,1640.0,Bloomberg Family Foundation,276.517398,0.0,0.0
2021.0,1641.0,Susan T. Buffett Foundation,265.401225,0.0,0.0
2021.0,1642.0,Howard G. Buffett Foundation,129.43088,0.0,0.0
2021.0,1643.0,Open Society Foundations,431.207465,0.0,0.0
2021.0,1644.0,Fondation Botnar,70.101124,0.0,0.0
2021.0,1646.0,Bezos Earth Fund,329.37,0.0,0.0
2021.0,1647.0,German Postcode Lottery,7.0455060000000005,0.0,0.0
2021.0,1648.0,Leona M. and Harry B. Helmsley Charitable Trust,65.091187,0.0,0.0
2022.0,1.0,Austria,1349.508816,0.0,0.0
2022.0,2.0,Belgium,1796.040886,1334.5414855042,74.30462724467175
2022.0,3.0,Denmark,2180.2287499999998,2875.403156152724,131.88538845535012
2022.0,4.0,France,14404.707323,4590.861235494176,31.870562397084925
2022.0,5.0,Germany,34176.100338,12946.39858846607,37.881438960053394
2022.0,6.0,Italy,3698.694547,870.215720875196,23.52764495194731
2022.0,7.0,Netherlands,4367.857201,4114.463966967298,94.19868319013065
2022.0,8.0,Norway,4683.489339000001,4485.036515009042,95.76271430067284
2022.0,9.0,Portugal,262.576494,0.0,0.0
2022.0,10.0,Sweden,3641.271737,0.0,0.0
2022.0,11.0,Switzerland,3844.247416,2648.210485469892,68.88761827472064
2022.0,12.0,United Kingdom,13993.911637,5345.816853221938,38.20101907094769
2022.0,18.0,Finland,1100.153027,1639.792531479,149.05131297511758
2022.0,20.0,Iceland,72.408887,0.0,0.0
2022.0,21.0,Ireland,1824.491374,1492.4285030245337,81.79970178497176
2022.0,22.0,Luxembourg,374.353282,0.0,0.0
2022.0,26.0,Monaco,21.28688,0.0,0.0
2022.0,30.0,Cyprus,4.898854,0.0,0.0
2022.0,40.0,Greece,99.963333,0.0,0.0
2022.0,45.0,Malta,40.459421,0.0,0.0
2022.0,50.0,Spain,2268.7953740000003,176.55256965364399,7.781775812702445
2022.0,55.0,Türkiye,7109.713764,0.0,0.0
2022.0,61.0,Slovenia,87.381783,0.0,0.0
2022.0,62.0,Croatia,74.10265,0.0,0.0
2022.0,68.0,Czechia,734.840999,0.0,0.0
2022.0,69.0,Slovak Republic,40.696295,164.2701163692,403.6488244671904
2022.0,70.0,Liechtenstein,30.116672,0.0,0.0
2022.0,72.0,Bulgaria,138.813389,0.0,0.0
2022.0,75.0,Hungary,294.4205,0.0,0.0
2022.0,76.0,Poland,2678.966087,0.0,0.0
2022.0,77.0,Romania,103.01883,0.0,0.0
2022.0,82.0,Estonia,156.483341,0.0,0.0
2022.0,83.0,Latvia,89.454305,0.0,0.0
2022.0,84.0,Lithuania,140.661924,0.0,0.0
2022.0,104.0,Nordic Development Fund [NDF],32.265674,0.0,0.0
2022.0,301.0,Canada,7334.000501,3972.1632294134365,54.16093479775229
2022.0,302.0,United States,54906.383912000005,55293.930184000004,100.70583098792507
2022.0,546.0,Israel,446.72899,0.0,0.0
2022.0,552.0,Kuwait,522.880102,0.0,0.0
2022.0,561.0,Qatar,735.738035,0.0,0.0
2022.0,566.0,Saudi Arabia,6482.856633,235.109515,3.6266344963300683
2022.0,576.0,United Arab Emirates,2845.396081,3549.93856745,124.76078782685298
2022.0,611.0,Azerbaijan,35.227433,0.0,0.0
2022.0,613.0,Kazakhstan,33.239767,0.0,0.0
2022.0,701.0,Japan,19640.580899,0.0,0.0
2022.0,742.0,Korea,4023.649101,0.0,0.0
2022.0,764.0,Thailand,64.03461,0.0,0.0
2022.0,801.0,Australia,2695.8041359999997,0.0,0.0
2022.0,807.0,UNEP,211.896325,0.0,0.0
2022.0,811.0,Global Environment Facility [GEF],512.024651,0.0,0.0
2022.0,820.0,New Zealand,435.304153,417.5071562629064,95.91159500444886
2022.0,901.0,International Bank for Reconstruction and Development,0.0,2206.611285662362,
2022.0,901.0,International Bank for Reconstruction and Development [IBRD],27343.95294,0.0,0.0
2022.0,905.0,International Development Association,0.0,48293.715625,
2022.0,905.0,International Development Association [IDA],25395.391620000002,0.0,0.0
2022.0,906.0,Caribbean Development Bank [CarDB],154.001419,0.0,0.0
2022.0,909.0,Inter-American Development Bank,0.0,10827.038805,
2022.0,909.0,Inter-American Development Bank [IDB],9745.963719000001,0.0,0.0
2022.0,910.0,Central American Bank for Economic Integration [CABEI],2051.058554,0.0,0.0
2022.0,913.0,African Development Bank,0.0,3876.3277168343216,
2022.0,913.0,African Development Bank [AfDB],3394.945452,0.0,0.0
2022.0,914.0,African Development Fund,0.0,3876.3277168343216,
2022.0,914.0,African Development Fund [AfDF],1308.732602,0.0,0.0
2022.0,915.0,Asian Development Bank,0.0,15231.33049086,
2022.0,915.0,Asian Development Bank [AsDB],19849.140659999997,0.0,0.0
2022.0,918.0,EU Institutions,32032.379409,9654.456348282032,30.139679057277462
2022.0,921.0,Arab Fund (AFESD),468.038706,0.0,0.0
2022.0,923.0,UN Peacebuilding Fund [UNPBF],183.481746,0.0,0.0
2022.0,928.0,World Health Organisation,0.0,1741.9876758599999,
2022.0,928.0,World Health Organisation [WHO],465.704289,0.0,0.0
2022.0,932.0,Food and Agriculture Organisation,0.0,509.83852729,
2022.0,932.0,Food and Agriculture Organisation [FAO],429.402213,0.0,0.0
2022.0,940.0,International Labour Organisation [ILO],241.954777,0.0,0.0
2022.0,940.0,International Labour Organisation,0.0,417.3553274000001,
2022.0,944.0,International Atomic Energy Agency [IAEA],94.152061,0.0,0.0
2022.0,951.0,OPEC Fund for International Development [OPEC Fund],1610.955859,0.0,0.0
2022.0,958.0,IMF Concessional Trust Funds,2531.634029,0.0,0.0
2022.0,959.0,UNDP,458.646126,4544.53486,990.8586603868971
2022.0,962.0,United Nations Conference on Trade and Development [UNCTAD],4.793086,0.0,0.0
2022.0,963.0,UNICEF,911.516,9858.80632663,1081.5834638810509
2022.0,964.0,UNRWA,851.4760299999999,0.0,0.0
2022.0,966.0,WFP,366.505268,12129.295434270001,3309.4464099953952
2022.0,967.0,UNHCR,630.2521,5607.08346367,889.6572440885162
2022.0,971.0,UNAIDS,92.941286,76.300024,82.09486578440499
2022.0,974.0,UNFPA,518.80773,0.0,0.0
2022.0,976.0,Islamic Development Bank [IsDB],9753.276421999999,0.0,0.0
2022.0,976.0,Islamic Development Bank,0.0,1991.93792811,
2022.0,978.0,OSCE,102.471205,0.0,0.0
2022.0,981.0,Black Sea Trade & Development Bank [BSTDB],117.417184,0.0,0.0
2022.0,988.0,IFAD,958.41871,1018.5131467839828,106.27016523748611
2022.0,990.0,European Bank for Reconstruction and Development,0.0,2206.611285662362,
2022.0,990.0,European Bank for Reconstruction and Development [EBRD],6041.895015,0.0,0.0
2022.0,1011.0,Climate Investment Funds [CIF],222.706331,0.0,0.0
2022.0,1012.0,Adaptation Fund,67.691429,0.0,0.0
2022.0,1013.0,Council of Europe Development Bank [CEB],689.326953,0.0,0.0
2022.0,1014.0,Private Infrastructure Development Group,0.0,601.772813578,
2022.0,1015.0,Development Bank of Latin America [CAF],6782.0,0.0,0.0
2022.0,1016.0,Green Climate Fund [GCF],799.380838,0.0,0.0
2022.0,1019.0,IDB Invest,2255.831105,0.0,0.0
2022.0,1020.0,Central Emergency Response Fund [CERF],734.649,0.0,0.0
2022.0,1023.0,World Tourism Organisation [UNWTO],12.494377,0.0,0.0
2022.0,1024.0,Asian Infrastructure Investment Bank [AIIB],6173.113302000001,0.0,0.0
2022.0,1025.0,Center of Excellence in Finance [CEF],1.051635,0.0,0.0
2022.0,1038.0,UN Institute for Disarmament Research [UNIDIR],0.3160199999999999,0.0,0.0
2022.0,1039.0,UN Capital Development Fund [UNCDF],13.35825,0.0,0.0
2022.0,1045.0,North American Development Bank [NADB],24.785999999999998,0.0,0.0
2022.0,1046.0,UN Women,159.441387,454.377356,284.9808099072796
2022.0,1047.0,COVID-19 Response and Recovery Multi-Partner Trust Fund [UN COVID-19 MPTF],0.46942,0.0,0.0
2022.0,1048.0,Joint Sustainable Development Goals Fund [Joint SDG Fund],59.920379,0.0,0.0
2022.0,1049.0,International Commission on Missing Persons [ICMP],0.524652,0.0,0.0
2022.0,1050.0,WHO-Strategic Preparedness and Response Plan,0.0,1741.9876758599999,
2022.0,1050.0,WHO-Strategic Preparedness and Response Plan [SPRP],59.005624,0.0,0.0
2022.0,1052.0,International Centre for Genetic Engineering and Biotechnology [ICGEB],4.034042,0.0,0.0
2022.0,1054.0,World Organisation for Animal Health [WOAH],11.219114,0.0,0.0
2022.0,1055.0,CGIAR,82.847,0.0,0.0
2022.0,1311.0,Global Alliance for Vaccines and Immunization [GAVI],1921.521005,0.0,0.0
2022.0,1311.0,Global Alliance for Vaccines and Immunization,0.0,8769.81975201,
2022.0,1312.0,Global Fund,5298.271394,0.0,0.0
2022.0,1312.0,Global Fund,0.0,5326.06184959,
2022.0,1313.0,Global Green Growth Institute [GGGI],2.5700000000000003,0.0,0.0
2022.0,1313.0,Global Green Growth Institute,0.0,40.11516015,
2022.0,1401.0,WTO - International Trade Centre [ITC],50.403758,0.0,0.0
2022.0,1404.0,World Trade Organisation,4.689658,0.0,0.0
2022.0,1406.0,United Nations Industrial Development Organization [UNIDO],5.32741,0.0,0.0
2022.0,1601.0,Bill & Melinda Gates Foundation,4389.896399,5038.35038737,114.77151006383008
2022.0,1602.0,Dutch Postcode Lottery,190.903379,0.0,0.0
2022.0,1603.0,Swedish Postcode Lottery,50.841429,0.0,0.0
2022.0,1604.0,People's Postcode Lottery,76.839245,0.0,0.0
2022.0,1606.0,Mastercard Foundation,1159.322507,0.0,0.0
2022.0,1608.0,IKEA Foundation,260.712302,0.0,0.0
2022.0,1609.0,Van Leer Foundation,11.458552,0.0,0.0
2022.0,1610.0,MAVA Foundation,57.116469,0.0,0.0
2022.0,1611.0,Oak Foundation,249.982752,0.0,0.0
2022.0,1612.0,H&M Foundation,5.373084,0.0,0.0
2022.0,1613.0,Laudes Foundation,26.368663,0.0,0.0
2022.0,1615.0,Children's Investment Fund Foundation,399.226907,0.0,0.0
2022.0,1616.0,Gatsby Charitable Foundation,0.0,0.2915347924999999,
2022.0,1617.0,Conrad N. Hilton Foundation,200.703,0.0,0.0
2022.0,1618.0,David and Lucile Packard Foundation,107.114632,0.0,0.0
2022.0,1619.0,John D. and Catherine T. MacArthur Foundation,102.390884,0.0,0.0
2022.0,1620.0,Carnegie Corporation of New York,23.6201,0.0,0.0
2022.0,1621.0,Michael & Susan Dell Foundation,47.346332,0.0,0.0
2022.0,1622.0,"Omidyar Network Fund, Inc.",8.636393,0.0,0.0
2022.0,1623.0,Rockefeller Foundation,132.041423,0.0,0.0
2022.0,1624.0,William and Flora Hewlett Foundation,197.538239,0.0,0.0
2022.0,1624.0,William and Flora Hewlett Foundation,0.0,113.514855,
2022.0,1625.0,Arcus Foundation,20.975317,0.0,0.0
2022.0,1626.0,Gordon and Betty Moore Foundation,93.188917,0.0,0.0
2022.0,1627.0,Ford Foundation,310.507792,0.0,0.0
2022.0,1628.0,Wellcome Trust,396.433167,0.0,0.0
2022.0,1629.0,UBS Optimus Foundation,110.987725,0.0,0.0
2022.0,1630.0,World Diabetes Foundation,10.627608,0.0,0.0
2022.0,1633.0,LEGO Foundation,258.443389,0.0,0.0
2022.0,1634.0,Norwegian Postcode Lottery,10.72668,0.0,0.0
2022.0,1636.0,Jacobs Foundation,22.928566,0.0,0.0
2022.0,1637.0,Arcadia Fund,38.135218,0.0,0.0
2022.0,1638.0,Margaret A. Cargill Foundation,53.5865,0.0,0.0
2022.0,1639.0,La Caixa Banking Foundation,22.699067,0.0,0.0
2022.0,1640.0,Bloomberg Family Foundation,387.898341,0.0,0.0
2022.0,1641.0,Susan T. Buffett Foundation,237.025266,0.0,0.0
2022.0,1642.0,Howard G. Buffett Foundation,237.84734,0.0,0.0
2022.0,1644.0,Fondation Botnar,60.408036,0.0,0.0
2022.0,1646.0,Bezos Earth Fund,169.9056,0.0,0.0
2022.0,1647.0,German Postcode Lottery,11.652726,0.0,0.0
2022.0,1648.0,Leona M. and Harry B. Helmsley Charitable Trust,67.53318300000001,0.0,0.0
2023.0,1.0,Austria,1254.842222,0.0,0.0
2023.0,2.0,Belgium,1599.404722,1305.9486643746,81.65217011123717
2023.0,3.0,Denmark,2229.416378,3092.6458806375877,138.71997672377321
2023.0,4.0,France,13736.050265,3622.61435460632,26.373042357284355
2023.0,5.0,Germany,31761.737688,12171.265125161155,38.32052655532011
2023.0,6.0,Italy,3335.505048,600.720671204666,18.009886435784704
2023.0,7.0,Netherlands,5109.034068,4339.013027661265,84.92824612069636
2023.0,8.0,Norway,5105.463163,5297.060257414105,103.75278575708147
2023.0,9.0,Portugal,285.144678,0.0,0.0
2023.0,10.0,Sweden,3407.837224,0.0,0.0
2023.0,11.0,Switzerland,4296.145747,3504.4654087124004,81.57231190677295
2023.0,12.0,United Kingdom,13904.694426,7225.784553723711,51.96651096634255
2023.0,18.0,Finland,1023.584345,1576.3815777667999,154.00602651526484
2023.0,20.0,Iceland,86.890308,0.0,0.0
2023.0,21.0,Ireland,2145.587093,382.58092513226404,17.831060150410032
2023.0,22.0,Luxembourg,425.758442,0.0,0.0
2023.0,26.0,Monaco,23.412804,0.0,0.0
2023.0,30.0,Cyprus,4.144004,0.0,0.0
2023.0,40.0,Greece,57.279641,0.0,0.0
2023.0,45.0,Malta,47.09926,0.0,0.0
2023.0,50.0,Spain,1600.477837,0.0,0.0
2023.0,55.0,Türkiye,6914.524737000001,0.0,0.0
2023.0,61.0,Slovenia,68.072159,0.0,0.0
2023.0,62.0,Croatia,98.249972,0.0,0.0
2023.0,68.0,Czechia,494.555251,0.0,0.0
2023.0,69.0,Slovak Republic,38.132249,160.456346105,420.78909666461055
2023.0,70.0,Liechtenstein,36.038741,0.0,0.0
2023.0,72.0,Bulgaria,27.311204,0.0,0.0
2023.0,75.0,Hungary,220.986522,0.0,0.0
2023.0,76.0,Poland,1717.401387,0.0,0.0
2023.0,77.0,Romania,209.558862,0.0,0.0
2023.0,82.0,Estonia,59.478814,0.0,0.0
2023.0,83.0,Latvia,74.660588,0.0,0.0
2023.0,84.0,Lithuania,124.643088,0.0,0.0
2023.0,104.0,Nordic Development Fund [NDF],48.414262,0.0,0.0
2023.0,301.0,Canada,7397.746975999999,3485.71675482886,47.11862633498186
2023.0,302.0,United States,60787.12671900001,42255.293300000005,69.51355588056184
2023.0,546.0,Israel,422.203868,0.0,0.0
2023.0,552.0,Kuwait,68.018901,0.0,0.0
2023.0,561.0,Qatar,667.074606,0.0,0.0
2023.0,566.0,Saudi Arabia,5331.806374,426.8185262,8.00513927664996
2023.0,576.0,United Arab Emirates,2204.328636,1074.48311529,48.744234309806416
2023.0,611.0,Azerbaijan,90.223603,0.0,0.0
2023.0,701.0,Japan,20382.906072,0.0,0.0
2023.0,732.0,Chinese Taipei,454.123424,0.0,0.0
2023.0,742.0,Korea,3337.808545,0.0,0.0
2023.0,801.0,Australia,2755.7994179999996,3114.494557442801,113.01601042151034
2023.0,807.0,UNEP,185.064849,0.0,0.0
2023.0,811.0,Global Environment Facility [GEF],303.595383,0.0,0.0
2023.0,820.0,New Zealand,657.764397,629.476169119122,95.69933732961256
2023.0,901.0,International Bank for Reconstruction and Development,0.0,2974.564468384554,
2023.0,901.0,International Bank for Reconstruction and Development [IBRD],26821.61421,0.0,0.0
2023.0,905.0,International Development Association,0.0,48646.982105,
2023.0,905.0,International Development Association [IDA],27692.92487,0.0,0.0
2023.0,906.0,Caribbean Development Bank [CarDB],169.41449300000002,0.0,0.0
2023.0,909.0,Inter-American Development Bank,0.0,11229.041268,
2023.0,909.0,Inter-American Development Bank [IDB],8778.738582,0.0,0.0
2023.0,910.0,Central American Bank for Economic Integration [CABEI],2461.2430999999997,0.0,0.0
2023.0,913.0,African Development Bank,0.0,4730.3342636856705,
2023.0,913.0,African Development Bank [AfDB],4129.061248,0.0,0.0
2023.0,914.0,African Development Fund,0.0,4730.3342636856705,
2023.0,914.0,African Development Fund [AfDF],1738.382937,0.0,0.0
2023.0,915.0,Asian Development Bank,0.0,15177.374058829999,
2023.0,915.0,Asian Development Bank [AsDB],17710.718671,0.0,0.0
2023.0,918.0,EU Institutions,43164.610043,10341.429969730456,23.958122080631476
2023.0,921.0,Arab Fund (AFESD),434.550304,0.0,0.0
2023.0,923.0,UN Peacebuilding Fund [UNPBF],183.070681,0.0,0.0
2023.0,928.0,World Health Organisation,0.0,2238.59350419,
2023.0,928.0,World Health Organisation [WHO],633.541888,0.0,0.0
2023.0,932.0,Food and Agriculture Organisation,0.0,553.9065763199999,
2023.0,932.0,Food and Agriculture Organisation [FAO],504.717401,0.0,0.0
2023.0,940.0,International Labour Organisation [ILO],308.602458,0.0,0.0
2023.0,940.0,International Labour Organisation,0.0,418.65725369999996,
2023.0,944.0,International Atomic Energy Agency [IAEA],116.45221,0.0,0.0
2023.0,951.0,OPEC Fund for International Development [OPEC Fund],2188.6073,0.0,0.0
2023.0,958.0,IMF Concessional Trust Funds,2514.265772,0.0,0.0
2023.0,959.0,UNDP,0.0,4375.454364,
2023.0,962.0,United Nations Conference on Trade and Development [UNCTAD],3.644127,0.0,0.0
2023.0,963.0,UNICEF,947.702,10264.48048715,1083.0915717335197
2023.0,964.0,UNRWA,1460.546359,0.0,0.0
2023.0,966.0,WFP,433.511008,10641.661915629998,2454.7616367863943
2023.0,967.0,UNHCR,798.833,5166.554722,646.7628054925121
2023.0,971.0,UNAIDS,90.09965,67.416675,74.824569240835
2023.0,974.0,UNFPA,497.63267,1114.5411510699998,223.96864560158397
2023.0,976.0,Islamic Development Bank [IsDB],8607.076310999999,0.0,0.0
2023.0,976.0,Islamic Development Bank,0.0,1940.4430046,
2023.0,978.0,OSCE,103.418014,0.0,0.0
2023.0,981.0,Black Sea Trade & Development Bank [BSTDB],146.329957,0.0,0.0
2023.0,988.0,IFAD,890.89527,1011.3153683324272,113.51675133850773
2023.0,990.0,European Bank for Reconstruction and Development,0.0,2974.564468384554,
2023.0,990.0,European Bank for Reconstruction and Development [EBRD],7092.057812,0.0,0.0
2023.0,1011.0,Climate Investment Funds [CIF],367.477,0.0,0.0
2023.0,1012.0,Adaptation Fund,111.876,0.0,0.0
2023.0,1013.0,Council of Europe Development Bank [CEB],906.113379,0.0,0.0
2023.0,1014.0,Private Infrastructure Development Group,0.0,367.9157701269,
2023.0,1015.0,Development Bank of Latin America [CAF],7683.0,0.0,0.0
2023.0,1016.0,Green Climate Fund [GCF],749.276828,0.0,0.0
2023.0,1019.0,IDB Invest,2535.811243,0.0,0.0
2023.0,1020.0,Central Emergency Response Fund [CERF],667.927532,0.0,0.0
2023.0,1024.0,Asian Infrastructure Investment Bank [AIIB],9534.557202,0.0,0.0
2023.0,1025.0,Center of Excellence in Finance [CEF],1.08131,0.0,0.0
2023.0,1038.0,UN Institute for Disarmament Research [UNIDIR],0.716592,0.0,0.0
2023.0,1039.0,UN Capital Development Fund [UNCDF],10.07106,0.0,0.0
2023.0,1045.0,North American Development Bank [NADB],60.488,0.0,0.0
2023.0,1046.0,UN Women,282.100959,0.0,0.0
2023.0,1048.0,Joint Sustainable Development Goals Fund [Joint SDG Fund],18.854822,0.0,0.0
2023.0,1049.0,International Commission on Missing Persons [ICMP],0.5422,0.0,0.0
2023.0,1050.0,WHO-Strategic Preparedness and Response Plan,0.0,2238.59350419,
2023.0,1050.0,WHO-Strategic Preparedness and Response Plan [SPRP],25.182669,0.0,0.0
2023.0,1052.0,International Centre for Genetic Engineering and Biotechnology [ICGEB],3.985208,0.0,0.0
2023.0,1055.0,CGIAR,83.863,0.0,0.0
2023.0,1311.0,Global Alliance for Vaccines and Immunization [GAVI],2006.855975,0.0,0.0
2023.0,1311.0,Global Alliance for Vaccines and Immunization,0.0,2385.1932814,
2023.0,1312.0,Global Fund,5176.73818,0.0,0.0
2023.0,1312.0,Global Fund,0.0,5161.04145433,
2023.0,1313.0,Global Green Growth Institute [GGGI],2.427754,0.0,0.0
2023.0,1313.0,Global Green Growth Institute,0.0,62.487325979999994,
2023.0,1401.0,WTO - International Trade Centre [ITC],40.682625,0.0,0.0
2023.0,1404.0,World Trade Organisation,10.216919,0.0,0.0
2023.0,1406.0,United Nations Industrial Development Organization [UNIDO],6.209266,0.0,0.0
2023.0,1601.0,Bill & Melinda Gates Foundation,0.0,5519.30755532,
2023.0,1616.0,Gatsby Charitable Foundation,0.0,0.8048990431987695,
2023.0,1624.0,William and Flora Hewlett Foundation,0.0,120.922786,
2024.0,2.0,Belgium,0.0,1220.618041404,
2024.0,3.0,Denmark,0.0,1835.2225313109855,
2024.0,4.0,France,0.0,2191.411958932054,
2024.0,5.0,Germany,0.0,30639.35870467777,
2024.0,6.0,Italy,0.0,643.928102646518,
2024.0,7.0,Netherlands,0.0,3783.5700736239337,
2024.0,8.0,Norway,0.0,3417.360059493671,
2024.0,12.0,United Kingdom,0.0,2452.8604219516624,
2024.0,18.0,Finland,0.0,554.1257354792,
2024.0,301.0,Canada,0.0,2492.6694961582166,
2024.0,302.0,United States,0.0,45952.098528,
2024.0,566.0,Saudi Arabia,0.0,334.77741000000003,
2024.0,576.0,United Arab Emirates,0.0,255.53130772,
2024.0,742.0,Korea,0.0,2025.3076564309163,
2024.0,820.0,New Zealand,0.0,611.8175132751194,
2024.0,901.0,International Bank for Reconstruction and Development,0.0,1870.934845925694,
2024.0,905.0,International Development Association,0.0,46042.659535,
2024.0,909.0,Inter-American Development Bank,0.0,2777.06351,
2024.0,913.0,African Development Bank,0.0,5754.5950044015935,
2024.0,914.0,African Development Fund,0.0,5754.5950044015935,
2024.0,915.0,Asian Development Bank,0.0,11922.78383382,
2024.0,918.0,EU Institutions,0.0,10615.594220990417,
2024.0,928.0,World Health Organisation,0.0,1549.6415964699997,
2024.0,932.0,Food and Agriculture Organisation,0.0,394.06135075,
2024.0,959.0,UNDP,0.0,3657.797229,
2024.0,963.0,UNICEF,0.0,8348.81449228,
2024.0,966.0,WFP,0.0,7706.475532930001,
2024.0,971.0,UNAIDS,0.0,64.35585,
2024.0,988.0,IFAD,0.0,580.5244181053088,
2024.0,990.0,European Bank for Reconstruction and Development,0.0,1870.934845925694,
2024.0,1050.0,WHO-Strategic Preparedness and Response Plan,0.0,1549.6415964699997,
2024.0,1311.0,Global Alliance for Vaccines and Immunization,0.0,2154.9218498200003,
2024.0,1312.0,Global Fund,0.0,4378.75050967,
2024.0,1601.0,Bill & Melinda Gates Foundation,0.0,3323.4041934899997,
2024.0,1624.0,William and Flora Hewlett Foundation,0.0,138.400085,
