reportingorg_ref,year,iati_usd_mil
,2013,15.954821288184
-,2023,0.03183520839999999
41AAA,2010,325.806313
41AAA,2011,89.478056
41AAA,2013,10.4454
41AAA,2014,209.000122
41AAA,2015,758.638936
41AAA,2016,1286.49354
41AAA,2017,222.718634
41AAA,2018,1004.060683
41AAA,2019,382.899439
41AAA,2020,995.597523
41AAA,2021,997.723901
41AAA,2022,1133.189512
41AAA,2023,559.294274
41AAA,2024,438.714563
44000,2012,0.689844
44000,2013,1.657726
44000,2014,1.638901
44000,2023,1025.65626
44000,2024,1864.247441
47111,2010,0.0
47111,2011,0.0
47111,2012,0.0
47111,2013,0.0
AF-MOE-118,2023,0.1596900466
AF-MOE-138,2017,0.7289823596999997
AF-MOE-138,2018,2.64164759
AF-MOE-138,2019,4.757841389999999
AF-MOE-611,2021,0.285238987986
AM-SRALE-222.160.00823,2019,0.07402800179999999
AM-SRALE-222.160.00823,2020,0.0940693968
AR-CENOC-16969-A,2017,1.4309957386
AR-CENOC-16969-A,2018,1.5584167628
AR-CENOC-16969-A,2019,1.5889377742
AR-CENOC-16969-A,2020,1.758937389
AT-UID-U74408937,2019,0.21541509916399984
AT-UID-U74408937,2020,0.5078785342019996
AT-UID-U74408937,2021,0.3459977379459997
AT-UID-U74408937,2023,0.2706589180119999
AT-ZVR-315688676,2019,0.075460787760633
AT-ZVR-315688676,2020,0.25736006290545443
AT-ZVR-315688676,2021,0.3334403556948798
AT-ZVR-315688676,2022,0.39587796219541244
AT-ZVR-315688676,2023,0.092576783589154
AU-ACNC-18055208636,2020,24.73850378139001
AU-ACNC-18055208636,2021,21.771435223440008
AU-ACNC-18055208636,2022,19.446735820400008
BD-MEGPRB-SHIM-SHA-14-13-BE-BI-5-97-142,2018,0.03260431666666667
BD-MEGPRB-SHIM-SHA-14-13-BE-BI-5-97-142,2019,0.5628956333333333
BD-MEGPRB-SHIM-SHA-14-13-BE-BI-5-97-142,2021,0.097598
BD-NAB-0004,2024,0.48768020881771473
BD-NAB-0203,2021,0.01237128
BD-NAB-051,2016,0.15525955722899992
BD-NAB-051,2017,0.18486681809199992
BD-NAB-051,2018,0.09312529894999994
BD-NAB-051,2019,0.023096857334999985
BD-NAB-2004,2020,0.05348338719879998
BD-NAB-2004,2021,0.19934186261299988
BD-NAB-2004,2022,0.2419430060469999
BD-ROC-C-104266-12,2021,0.106908564
BD-ROC-C-104266-12,2022,0.1341500744
BD-ROC-C-104266-12,2023,0.1364462532
BD-ROC-S-12313,2019,0.005398642989999996
BD-ROC-S-12313,2020,0.01652542917799999
BD-ROC-S-12313,2021,0.010172877536999995
BJ-IFU-6201810257535,2022,1.7289016628922311
BJ-IFU-6201810257535,2023,2.0500596803842313
BO-NIT-351775028,2023,0.544243203726
BO-NIT-351775028,2024,0.6473230955360001
BR-CNPJ-14.563.354/0001-50,2018,0.1580410519999999
BR-CNPJ-14.563.354/0001-50,2019,0.5329660819999997
BR-CNPJ-14.563.354/0001-50,2020,0.48482863389999975
BR-CNPJ-14.563.354/0001-50,2021,0.11189488079999994
BR-CNPJ-62579164-0001-72,2023,0.10782961145099994
CA-CC-020387-4,2020,0.33224629314017895
CA-CC-020387-4,2021,2.098778582587701
CA-CC-020387-4,2022,4.937919393552053
CA-CC-020387-4,2023,11.12217109785542
CA-CC-020387-4,2024,7.295978589688965
CA-CC-1347404-6,2022,0.000488
CA-CRA-89980-1815-RR0001,2012,0.0
CA-CRA_ACR-101182509,2018,0.8595479280459994
CA-CRA_ACR-101182509,2019,6.407540859786996
CA-CRA_ACR-101182509,2020,8.995640863553994
CA-CRA_ACR-101182509,2021,11.843720138178993
CA-CRA_ACR-101182509,2022,16.25557087460658
CA-CRA_ACR-101182509,2023,5.242009238420155
CA-CRA_ACR-101182509,2024,1.531051294385209
CA-CRA_ACR-119075091,2018,0.04361813432600001
CA-CRA_ACR-119075091,2019,0.24551446102600002
CA-CRA_ACR-119075091,2020,0.458929462
CA-CRA_ACR-119075091,2021,0.408522317
CA-CRA_ACR-872374426,2017,0.2603775926
CH-FDJP-106064950,2016,0.9019273700999995
CH-FDJP-106064950,2017,2.767597448999999
CH-FDJP-106064950,2018,3.4805691616999983
CH-FDJP-106064950,2019,5.677846746699998
CH-FDJP-106064950,2020,4.412973535499997
CH-FDJP-109458452,2017,0.7028233161502294
CH-FDJP-109458452,2018,0.7986933717121338
CH-FDJP-109458452,2019,1.0821186200645783
CH-FDJP-109458452,2020,0.7316762023452104
CH-FDJP-109458452,2021,0.8253650031156177
CH-FDJP-109458452,2022,1.5606884382257968
CH-FDJP-109458452,2023,0.4288993372231349
CH-FDJP-109458452,2024,0.7860141392397892
CH-FDJP-110.162.567,2021,71.189586
CH-FDJP-110.162.567,2022,157.15298881
CH-FDJP-110.162.567,2023,110.600712
CH-FDJP-258577051,2019,1.5647087747125137
CH-FDJP-258577051,2020,1.3467252025151533
CH-FDJP-258577051,2021,1.9228697671783832
CH-FDJP-258577051,2022,0.45537189146320733
CH-FDJP-CHE100871337,2018,0.10612926981249646
CH-FDJP-CHE100871337,2019,0.1317906304877358
CH-FDJP-CHE109506789,2018,0.06930784400000001
CH-FDJP-CHE109506789,2019,0.35582638660000004
CH-FDJP-CHE109506789,2020,0.3377590294
CH-FDJP-CHE109506789,2021,0.3511051726
CH-FDJP-CHE109506789,2022,0.3459340174
CH-FDJP-CHE109506789,2023,0.24386496180000003
CH-FDJP-CHE331930936,2019,0.004094845152
CH-FDJP-CHE331930936,2020,25.061806040656002
CH-FDJP-CHE331930936,2021,18.38403363244
CH-FDJP-CHE331930936,2022,25.617527413386004
CH-FDJP-CHE331930936,2023,27.334157296078
CO-RUE-800121811,2021,0.1967003508
CO-RUE-800121811,2022,0.24105737096
CO-RUE-800121811,2023,0.12821110404799999
CO-RUE-860049972,2018,0.01392
CO-RUE-900.683.942-8,2021,0.120486448042
CO-RUE-900.683.942-8,2022,0.2103116002
CO-RUE-900.683.942-8,2023,0.2175972678
CZ-ICO-25755277,2014,1.0891769105319993
CZ-ICO-25755277,2015,4.697882130269997
CZ-ICO-25755277,2016,6.247561610585996
CZ-ICO-25755277,2017,5.173253409550997
CZ-ICO-25755277,2018,2.126692670398999
CZ-ICO-25755277,2019,4.932936982894997
CZ-ICO-25755277,2020,3.435410999294998
CZ-ICO-25755277,2021,2.647742971606999
CZ-ICO-25755277,2022,6.481712090567997
CZ-ICO-25755277,2023,11.732172349931995
CZ-ICO-25755277,2024,0.9728999216189994
DE-CR-7745,2012,3.7715444444
DE-CR-7745,2013,8.1538302016
DE-CR-7745,2014,7.337983298400001
DE-CR-7745,2016,0.26850716399999996
DE-CR-7745,2018,4.5499363832
DE-CR-7745,2020,5.9734468324000005
DE-CR-VR32914,2017,1.9230539698
DE-CR-VR32914,2018,2.2087507888
DE-CR-VR32914,2019,1.9351939326000005
DE-CR-VR32914,2020,1.8917798878
DK-CVR-12921047,2018,3.6056028494143977
DK-CVR-12921047,2019,3.7589928807126367
DK-CVR-12921047,2020,1.9602647037996912
DK-CVR-12921047,2021,0.49168816756595995
DK-CVR-14723692,2022,3.8583223577063066
DK-CVR-14723692,2023,3.6760561385619805
DK-CVR-14766383,2013,0.2384037897777967
DK-CVR-14766383,2014,1.7025596578436788
DK-CVR-14766383,2015,2.8608189942077016
DK-CVR-14766383,2016,4.18883899109204
DK-CVR-14766383,2017,2.370762062568155
DK-CVR-14766383,2018,4.278542578351815
DK-CVR-14766383,2019,4.387261333220037
DK-CVR-14766383,2020,4.13888190225319
DK-CVR-14766383,2021,4.669778363144553
DK-CVR-14766383,2022,3.759611391992749
DK-CVR-14766383,2023,1.037541742787951
DK-CVR-16077593,2020,0.6757355086317997
DK-CVR-19348407,2010,0.17301397799209756
DK-CVR-19348407,2011,0.23837447423206015
DK-CVR-19348407,2012,0.39953123451020384
DK-CVR-19348407,2013,0.3441201795754203
DK-CVR-19348407,2014,0.46265589639008087
DK-CVR-19348407,2015,0.30577353670108054
DK-CVR-19348407,2016,0.5968019090509977
DK-CVR-19348407,2017,0.3432981263542508
DK-CVR-19348407,2018,0.8347206865785785
DK-CVR-19348407,2019,1.1589787936723739
DK-CVR-19348407,2020,0.569551064281769
DK-CVR-19348407,2021,0.4796002379232697
DK-CVR-19348407,2022,0.4396437892113127
DK-CVR-19348407,2023,0.3629448003852091
DK-CVR-19348407,2024,0.30226914220164003
DK-CVR-25825012,2022,1.0621574542210137
DK-CVR-36980214,2018,15.469995732959456
DK-CVR-36980214,2019,16.137763931965274
DK-CVR-36980214,2020,22.30693637251986
DK-CVR-36980214,2021,17.92452622395944
DK-CVR-36980214,2022,14.435044746569233
DK-CVR-36980214,2023,0.6556746087720043
DK-CVR-40781218,2018,0.5247209358315277
DK-CVR-40781218,2019,0.5083090453328801
DK-CVR-40781218,2020,0.20605854611887667
DK-CVR-40781218,2022,2.225636515557066
DK-CVR-40781218,2023,4.105542762459107
DK-CVR-40781218,2024,1.5426909405050206
DK-CVR-42047007,2021,0.035737
DK-CVR-42047007,2022,0.034177
DK-CVR-42047007,2023,0.028946
DK-CVR-58185728,2022,0.8571632351899846
DK-CVR-58185728,2023,0.937337842545779
DK-CVR-78920610,2022,0.9142152831711774
DK-CVR-78920610,2023,1.0503910723541658
DK-CVR-DK-CVR-37295728,2019,1.6106474607039991
DK-CVR-DK-CVR-37295728,2020,0.4090666515789998
ES-CIF-G81164105,2021,5.289957991308
ES-CIF-G81164105,2022,4.129742200678
ES-CIF-G81164105,2023,4.393685323800001
ES-NIF-G79408852,2020,0.07855859
ES-NIF-G79408852,2021,0.5620747921999997
ET-CSA-0062,2019,3.14
ET-CSA-0062,2020,5.843606
ET-CSA-0062,2021,8.72719
ET-CSA-0062,2022,4.37628
ET-CSA-0062,2023,8.473515
ET-CSA-0475,2019,0.0
ET-CSA-0475,2020,0.0
ET-CSA-0475,2021,0.0
ET-CSA-0976,2019,0.003644578999999998
ET-CSA-0976,2020,0.08074949409999996
ET-CSA-1128,2021,0.11766279240000001
ET-CSA-1128,2022,0.2264777974
ET-CSA-1128,2023,0.2103887028
ET-CSA-1351,2021,0.03463
ET-CSA-3994,2021,0.7033742776
ET-CSA-3994,2022,2.6453120472
ET-CSA-3994,2023,2.9883605262
ET-CSA-8744,2020,13.14008984
ET-CSA-8744,2021,10.715680171
ET-MOT-0638,2016,0.2265424528469999
ET-MOT-0638,2017,0.46552839378099975
ET-MOT-0638,2020,0.3608221486999998
FI-PRO-1993025-9,2022,2.8929761604
FI-PRO-1993025-9,2023,2.3378712388
FR-RCS-31899089200065,2024,0.2572415488679999
FR-RCS-40885667200030,2019,0.2058808804999999
FR-RCS-40885667200030,2020,0.5336319427999997
FR-RCS-40885667200030,2021,0.3883607893999998
FR-RCS-40885667200030,2022,0.046356774899999974
FR-RCS-519655997,2019,0.03204833429999998
FR-RCS-519655997,2020,0.11085931592399993
GB-CH-4161656,2012,0.014304871686999992
GB-CH-4161656,2013,0.059638957541999965
GB-CH-4161656,2014,0.04779410101399997
GB-CH-4161656,2015,0.39540011087899973
GB-CH-4161656,2016,1.5554325806829992
GB-CH-4161656,2017,2.8232246204439986
GB-CH-4161656,2018,2.3033072284209997
GB-CH-4161656,2019,0.032778019370999986
GB-CHC-000391,2012,0.23722130892599988
GB-CHC-000391,2013,0.3240247009649998
GB-CHC-000391,2014,0.37708702200699984
GB-CHC-000391,2015,0.4402849424699998
GB-CHC-000391,2016,0.2930596137319999
GB-CHC-000391,2017,0.8010725496409996
GB-CHC-000391,2018,1.5545516140559992
GB-CHC-000391,2019,2.2164936719159987
GB-CHC-000391,2020,2.1282275552089986
GB-CHC-000391,2021,2.368225566725999
GB-CHC-000391,2022,0.027386400707999983
GB-CHC-1000717,2013,0.0
GB-CHC-1000717,2014,0.0
GB-CHC-1001813,2017,3.92314186
GB-CHC-1001813,2018,15.219865687347996
GB-CHC-1001813,2019,27.794493538145986
GB-CHC-1001813,2020,18.972323852599988
GB-CHC-1001813,2021,15.04555228889999
GB-CHC-1001813,2022,3.839643425799998
GB-CHC-1013587,2018,0.01891649999999999
GB-CHC-1013587,2019,0.1271486912
GB-CHC-1016676,2019,0.13780592061799993
GB-CHC-1016676,2020,0.13451505494599994
GB-CHC-1016676,2021,0.18945318657199992
GB-CHC-1016676,2022,0.12248479149599993
GB-CHC-1017336,2020,1.06872737612
GB-CHC-1017336,2021,1.04962524
GB-CHC-1017336,2022,0.4663370867669998
GB-CHC-1017336,2023,0.4009289119999998
GB-CHC-1017336,2024,0.10326643459999994
GB-CHC-1020488,2012,0.047707412999999976
GB-CHC-1020488,2013,0.07977466379999995
GB-CHC-1020488,2014,0.09672510889999994
GB-CHC-1020488,2015,0.6371896914999997
GB-CHC-1029161,2010,0.5230260917999998
GB-CHC-1029161,2011,0.3197254218999998
GB-CHC-1029161,2012,0.8879187812469995
GB-CHC-1029161,2013,19.517512755408987
GB-CHC-1029161,2014,22.878079323520986
GB-CHC-1029161,2015,18.829566550717992
GB-CHC-1029161,2016,13.220675314363994
GB-CHC-1029161,2017,16.72347862749999
GB-CHC-1029161,2018,19.75446942249999
GB-CHC-1029161,2019,16.86508250209999
GB-CHC-1029161,2020,14.517635651299992
GB-CHC-1029161,2021,15.566816502871335
GB-CHC-1029161,2022,5.683502780199997
GB-CHC-1043843,2011,2.1548503976999993
GB-CHC-1043843,2012,3.8158448924249977
GB-CHC-1043843,2013,11.170784526299995
GB-CHC-1043843,2014,12.738364199499994
GB-CHC-1043843,2015,11.805812422499995
GB-CHC-1043843,2016,14.729989488999994
GB-CHC-1043843,2017,13.054700660361233
GB-CHC-1043843,2018,14.406070796005231
GB-CHC-1043843,2019,9.985974265520998
GB-CHC-1043843,2020,4.777448015675999
GB-CHC-1043843,2021,4.407382100390999
GB-CHC-1043843,2022,2.776112383242999
GB-CHC-1043843,2023,2.9525399549999993
GB-CHC-1043843,2024,0.15735176
GB-CHC-1046001,2014,0.10705326567999995
GB-CHC-1046001,2015,0.2525625904259999
GB-CHC-1046001,2016,0.36345820080799984
GB-CHC-1046001,2017,0.14317656718799993
GB-CHC-1046001,2018,0.3228060369799999
GB-CHC-1046001,2019,0.2033790850979999
GB-CHC-1046001,2020,0.18228446362199993
GB-CHC-1046001,2021,0.10202367099399996
GB-CHC-1047501,2015,2.4139570895999998
GB-CHC-1047501,2016,3.147576980410998
GB-CHC-1047501,2017,17.10549143957899
GB-CHC-1047501,2018,18.88688939722199
GB-CHC-1047501,2019,63.50300861247497
GB-CHC-1047501,2020,31.667113271803988
GB-CHC-1047501,2021,23.070218716147988
GB-CHC-1047501,2022,12.065916436873993
GB-CHC-1047501,2023,11.351984610910993
GB-CHC-1047501,2024,12.513173815759995
GB-CHC-1047608,2018,0.3403394255549998
GB-CHC-1047608,2019,0.07339192142499998
GB-CHC-1048007,2013,0.1375179105999999
GB-CHC-1048007,2014,0.6819461304999996
GB-CHC-1048007,2015,0.9796199577999996
GB-CHC-1048007,2016,1.353157777799999
GB-CHC-1048007,2017,0.48481452219099974
GB-CHC-1048007,2018,0.11936225745199994
GB-CHC-1048007,2019,0.08580019959999995
GB-CHC-1048007,2020,0.026953490299999987
GB-CHC-1050327,2015,0.7821758362999996
GB-CHC-1050327,2016,0.6313041377999997
GB-CHC-1050327,2017,0.35221388009999977
GB-CHC-1050327,2018,0.3823264258999998
GB-CHC-1050327,2019,0.4081942714035698
GB-CHC-1050327,2020,0.9111422404109996
GB-CHC-1050327,2021,1.2788812703909993
GB-CHC-1050327,2022,1.462537003708999
GB-CHC-1050327,2023,0.49761342609099973
GB-CHC-1053389,2017,1.631509157009999
GB-CHC-1053389,2018,2.7920955775999987
GB-CHC-1053389,2019,2.183737154299999
GB-CHC-1055436,2017,0.19210336299999992
GB-CHC-1055436,2018,0.7353675371559996
GB-CHC-1055436,2019,2.269627383828999
GB-CHC-1055436,2020,4.632765496600998
GB-CHC-1055436,2021,3.4124559652659987
GB-CHC-1055436,2022,0.03157668289999998
GB-CHC-1058162,2017,0.35551159354499984
GB-CHC-1058162,2019,0.5985283505759997
GB-CHC-1058162,2020,0.8210310209049996
GB-CHC-1058162,2021,0.8020935614229996
GB-CHC-1058162,2022,1.2266880742469994
GB-CHC-1058162,2023,0.7736758331349997
GB-CHC-1058162,2024,0.6843316524819997
GB-CHC-1058991,2013,0.2065971852999999
GB-CHC-1058991,2014,0.11919160539999994
GB-CHC-1058991,2015,0.43720951051099977
GB-CHC-1058991,2021,0.2910089137999999
GB-CHC-1064413,2018,0.07576474412999996
GB-CHC-1064413,2019,0.22852087913799987
GB-CHC-1064413,2020,0.13982105752999993
GB-CHC-1064413,2021,0.0067456238999999965
GB-CHC-1065972,2013,0.16876640483599992
GB-CHC-1065972,2014,3.588517039108998
GB-CHC-1065972,2015,5.646947930271997
GB-CHC-1065972,2016,7.603981816252996
GB-CHC-1065972,2017,7.638003330667996
GB-CHC-1065972,2018,0.3880501804699998
GB-CHC-1069182,2017,1.1591457563144618
GB-CHC-1069182,2018,1.4544581571633741
GB-CHC-1070684,2012,0.021086121661999985
GB-CHC-1070684,2015,0.028393729554999983
GB-CHC-1071660,2015,0.054384937499999966
GB-CHC-1071660,2016,0.026048020499999984
GB-CHC-1076235,2011,0.34334834709999984
GB-CHC-1076235,2012,18.03097071319999
GB-CHC-1076235,2013,28.260682243899982
GB-CHC-1076235,2014,22.948056362699994
GB-CHC-1076235,2015,18.838052013399988
GB-CHC-1076235,2016,18.764975051699988
GB-CHC-1076235,2017,6.060444309099997
GB-CHC-1076235,2019,0.2088532931999999
GB-CHC-1076235,2020,1.4404910714479993
GB-CHC-1076235,2021,0.7099639891999996
GB-CHC-1076235,2022,1.5547245234769993
GB-CHC-1076235,2023,0.30698578969999984
GB-CHC-1076235,2024,0.18269429589999991
GB-CHC-1077216,2020,0.2091248963069999
GB-CHC-1077216,2021,0.2529942901779999
GB-CHC-1077216,2022,0.17340858960199992
GB-CHC-1077216,2023,0.11495014776999991
GB-CHC-1077889,2013,0.1869530305999999
GB-CHC-1077889,2014,0.5363979260409997
GB-CHC-1077889,2015,0.48307605800799974
GB-CHC-1077889,2016,0.3462526603999998
GB-CHC-1077889,2018,0.007793597999999996
GB-CHC-1078768,2012,0.9783021082999995
GB-CHC-1078768,2013,0.6561465466999997
GB-CHC-1078803,2015,0.06919682183099997
GB-CHC-1078803,2016,0.11307218070499993
GB-CHC-1078803,2017,0.03955187929999998
GB-CHC-1078803,2018,0.030270183299999982
GB-CHC-1078803,2019,0.0075055627599999964
GB-CHC-1078803,2020,0.10611880319099994
GB-CHC-1078803,2021,0.046912919999999976
GB-CHC-1079358,2013,0.05358287789999997
GB-CHC-1079358,2015,0.3695008749569998
GB-CHC-1079358,2016,0.26682984349999983
GB-CHC-1079358,2017,0.13634612170199992
GB-CHC-1079358,2018,0.46982288066599975
GB-CHC-1079358,2019,0.1874404961939999
GB-CHC-1079358,2020,0.05103804115499998
GB-CHC-1079599,2012,0.1501188217999999
GB-CHC-1079599,2015,0.10712035619999993
GB-CHC-1079599,2016,0.23909951559999987
GB-CHC-1079599,2018,0.24026763469699988
GB-CHC-1081247,2015,1.5956420797754218
GB-CHC-1081247,2016,2.291468181224582
GB-CHC-1081247,2018,0.22776169693799986
GB-CHC-1081247,2019,0.5224173966629998
GB-CHC-1081247,2020,0.8739571683689996
GB-CHC-1081247,2021,1.2377306693989993
GB-CHC-1081247,2022,0.8717197090828285
GB-CHC-1081247,2023,0.008868985300000002
GB-CHC-1081769,2020,0.011596684658999995
GB-CHC-1081769,2021,0.21814268190999989
GB-CHC-1084729,2014,0.04597652802799997
GB-CHC-1084729,2015,0.06633947189499996
GB-CHC-1084729,2016,0.14869471201399992
GB-CHC-1084729,2017,0.06551423327699997
GB-CHC-1098106,2017,3.528659949099998
GB-CHC-1098106,2018,4.7921251043169955
GB-CHC-1098106,2019,7.185855863658995
GB-CHC-1098106,2020,4.134723498285998
GB-CHC-1098752,2014,0.0025879033099999982
GB-CHC-1098752,2015,0.05055440930499997
GB-CHC-1104458,2015,0.8176795845999995
GB-CHC-1104458,2016,0.33269961869999987
GB-CHC-1105489,2014,0.06642458353399998
GB-CHC-1105489,2015,0.1786497212019999
GB-CHC-1105489,2016,0.1963162567149999
GB-CHC-1105489,2017,0.10419346920999993
GB-CHC-1105489,2019,0.11386416411599994
GB-CHC-1105489,2020,0.4390388495599998
GB-CHC-1105489,2021,0.47228458569899967
GB-CHC-1106156,2019,0.04570864516599997
GB-CHC-1106156,2020,0.08924030384599997
GB-CHC-1106156,2021,0.06498725741999997
GB-CHC-1106349,2018,0.42410370531499975
GB-CHC-1106349,2019,0.7457275240999995
GB-CHC-1106349,2020,0.48960946399999966
GB-CHC-1106349,2021,0.5011245680999996
GB-CHC-1106349,2022,0.11812975919999995
GB-CHC-1107403,2019,0.4302847977999998
GB-CHC-1107403,2020,0.6051476626999998
GB-CHC-1108464,2013,0.029121321199999984
GB-CHC-1108464,2014,0.11647393489999995
GB-CHC-1108464,2015,0.10141640089999995
GB-CHC-1108464,2016,0.04760652499999997
GB-CHC-1108718,2017,0.45601123779999975
GB-CHC-1109789,2014,0.347805467403
GB-CHC-1109789,2015,0.5321267821169997
GB-CHC-1109789,2016,1.385048714208999
GB-CHC-1109789,2017,0.6105219412379997
GB-CHC-1109789,2018,0.5343126215249997
GB-CHC-1109789,2019,0.4806387930929998
GB-CHC-1109789,2020,0.26139269912699986
GB-CHC-1109789,2021,0.1277201977019999
GB-CHC-1112842,2017,0.39782093104999977
GB-CHC-1112842,2018,1.6748518650769992
GB-CHC-1112842,2019,1.4512398555219992
GB-CHC-1113868,2015,0.1597895049
GB-CHC-1113868,2016,1.159369280795
GB-CHC-1113868,2017,0.818411636394
GB-CHC-1113868,2018,0.1769081294909999
GB-CHC-1114727,2018,0.044417203099999976
GB-CHC-1114727,2019,0.034586575491999984
GB-CHC-1114727,2020,0.08654378199299997
GB-CHC-1114727,2021,0.03083011169999998
GB-CHC-1114944,2013,0.14322987388499991
GB-CHC-1114944,2014,0.06578893868999997
GB-CHC-1114944,2015,0.08279649900899995
GB-CHC-1115109,2022,0.008773296145999995
GB-CHC-1115109,2023,0.7678053874129995
GB-CHC-1115109,2024,0.4367062811669998
GB-CHC-1115482,2012,0.8263268984197636
GB-CHC-1115482,2013,10.383004515429795
GB-CHC-1115482,2014,12.46746211065606
GB-CHC-1115482,2015,14.778048796555877
GB-CHC-1115482,2016,14.733194944637992
GB-CHC-1115482,2017,6.0050581843099975
GB-CHC-1115482,2018,1.9534098502999988
GB-CHC-1115482,2019,0.3545317818999998
GB-CHC-1115482,2020,1.6780205553809988
GB-CHC-1115482,2021,2.4476271719239984
GB-CHC-1115482,2022,2.020796665744999
GB-CHC-1115482,2023,0.3337944370240995
GB-CHC-1117377,2019,0.056486384095999966
GB-CHC-1117377,2020,0.11984678468299995
GB-CHC-1117377,2021,0.15008362449899995
GB-CHC-1117528,2014,0.055924374880999966
GB-CHC-1117528,2015,0.12603311073299991
GB-CHC-1117528,2016,0.07794563283699994
GB-CHC-1117528,2017,0.05561562186799998
GB-CHC-1119168,2021,0.09098117672999995
GB-CHC-1120413,2015,0.0
GB-CHC-1122299,2013,0.024029869558999987
GB-CHC-1122299,2014,0.13774208373599994
GB-CHC-1122299,2015,0.1639150540239999
GB-CHC-1122299,2016,0.03796323379699998
GB-CHC-1122299,2017,0.08776687243899996
GB-CHC-1122299,2018,0.07029222590199995
GB-CHC-1122330,2019,0.30375106819999986
GB-CHC-1122330,2020,0.01691765649999999
GB-CHC-1122330,2021,1.9620655663751403
GB-CHC-1122330,2022,2.291046576110036
GB-CHC-1122330,2023,1.7481431396090361
GB-CHC-1122330,2024,0.3443666601279998
GB-CHC-1123384,2021,0.012893410733999994
GB-CHC-1125217,2016,0.05545687249999997
GB-CHC-1125217,2017,0.11781196199999994
GB-CHC-1125217,2018,0.06337487801499997
GB-CHC-1125217,2019,0.10644673963499995
GB-CHC-1125217,2020,0.17229323492899992
GB-CHC-1125217,2021,0.055992877832999964
GB-CHC-1125512,2014,0.13087317469999993
GB-CHC-1125512,2015,0.06124279929999997
GB-CHC-1126550,2017,0.8059879264999996
GB-CHC-1126550,2018,1.985880653099999
GB-CHC-1126550,2019,1.8385904785999991
GB-CHC-1127366,2018,0.6846495631809996
GB-CHC-1127366,2019,0.5727372161459997
GB-CHC-1127366,2022,0.9600104291949981
GB-CHC-1127366,2023,1.4485369198044313
GB-CHC-1127366,2024,1.179048962529059
GB-CHC-1128267-8,2014,0.4066013397999998
GB-CHC-1128267-8,2015,1.5468072493999991
GB-CHC-1128267-8,2016,1.7569002038999995
GB-CHC-1128267-8,2017,1.1570315057999994
GB-CHC-1128536,2013,0.07378948319999996
GB-CHC-1128536,2014,0.5233047948999997
GB-CHC-1128536,2015,1.0072178701999994
GB-CHC-1128536,2016,0.7755865887999995
GB-CHC-1128536,2017,0.8215280078039996
GB-CHC-1128536,2018,1.1968752919169996
GB-CHC-1128536,2019,2.1066092871799986
GB-CHC-1128536,2020,3.6632484378989982
GB-CHC-1128536,2021,4.067980096060998
GB-CHC-1128536,2022,1.672608355565999
GB-CHC-1128536,2023,0.4867992918149997
GB-CHC-1129603,2015,0.008601231661999994
GB-CHC-1129603,2016,0.034570619304999994
GB-CHC-1129603,2017,0.09005754995899999
GB-CHC-1129603,2018,0.027249749231999996
GB-CHC-1133342,2010,0.0
GB-CHC-1133342,2011,0.0
GB-CHC-1133342,2012,0.0
GB-CHC-1133342,2013,0.0
GB-CHC-1133342,2014,0.0
GB-CHC-1133342,2015,0.0
GB-CHC-1135700,2018,0.08067660251999996
GB-CHC-1135700,2019,0.14919790352499993
GB-CHC-1135700,2020,0.11701165532899994
GB-CHC-1135700,2021,0.013789359228999994
GB-CHC-1137523,2018,0.37000926219999974
GB-CHC-1137523,2019,0.9047749338999996
GB-CHC-1137523,2020,0.8708652159999996
GB-CHC-1137523,2021,0.7367861863789996
GB-CHC-1137523,2022,0.8925287701299996
GB-CHC-1142516,2015,0.07326738779999996
GB-CHC-1142516,2016,0.4072772893999998
GB-CHC-1142516,2017,0.3503840239999998
GB-CHC-1142516,2018,0.09321925089999995
GB-CHC-1143797,2017,26.233263478999987
GB-CHC-1143852,2015,0.025189034845999988
GB-CHC-1145119,2017,3.476314210299998
GB-CHC-1145119,2018,6.303676449399997
GB-CHC-1145119,2019,3.837320479599998
GB-CHC-1145119,2020,3.7401956019999982
GB-CHC-1145119,2021,2.5099194081999987
GB-CHC-1145721,2018,0.034526849795999986
GB-CHC-1147298,2019,0.3511738256
GB-CHC-1148143,2021,0.1590839816999999
GB-CHC-1148143,2022,0.1977947072999999
GB-CHC-1150214,2014,0.027526029699999986
GB-CHC-1150214,2015,0.06577123284599996
GB-CHC-1150214,2016,0.07990407788199996
GB-CHC-1150214,2017,0.032298032099999985
GB-CHC-1150964,2017,0.004399813956999997
GB-CHC-1150964,2018,0.008124460195999996
GB-CHC-1150964,2019,0.002655246049999999
GB-CHC-1150964,2020,0.0017900305619999992
GB-CHC-1151219,2018,0.052405010499999974
GB-CHC-1151219,2019,0.08819473844699995
GB-CHC-1151219,2020,0.04441795975999998
GB-CHC-1151219,2021,0.07923023431899995
GB-CHC-1151615,2013,0.002021152358999999
GB-CHC-1151615,2014,0.03423080657099998
GB-CHC-1151615,2015,0.07884653203299993
GB-CHC-1151615,2016,0.07303142337899997
GB-CHC-1151615,2017,0.06098368108299996
GB-CHC-1152010,2015,0.03757428533499998
GB-CHC-1152010,2016,0.01868830395499999
GB-CHC-1156822,2021,0.04629957140399997
GB-CHC-1156822,2022,0.07588347669499997
GB-CHC-1156822,2023,0.0026129991999999987
GB-CHC-1157009,2014,0.12950745384399992
GB-CHC-1157009,2015,0.08056532305599996
GB-CHC-1157009,2016,0.07081202609999995
GB-CHC-1157009,2017,0.030587980499999983
GB-CHC-1157722,2018,0.06761947578399996
GB-CHC-1157722,2019,0.06808060960999995
GB-CHC-1157722,2020,0.11277129485599993
GB-CHC-1157722,2021,0.02642302119599999
GB-CHC-1160256,2023,0.2257666745709999
GB-CHC-1160263,2010,5.702694199999996e-05
GB-CHC-1160263,2011,0.0005067225909999997
GB-CHC-1160263,2012,0.0008810801259999995
GB-CHC-1160263,2013,0.00011463398999999993
GB-CHC-1160263,2014,0.001447137471999999
GB-CHC-1160263,2015,0.0011445491379999994
GB-CHC-1160263,2016,1.566286199999999e-05
GB-CHC-1160263,2017,2.610476999999998e-06
GB-CHC-1160263,2018,0.00027054378299999984
GB-CHC-1160263,2020,4.129123432403999
GB-CHC-1160263,2021,2.895052979644999
GB-CHC-1160263,2022,0.04375172062999998
GB-CHC-1160263,2023,0.003590591308999998
GB-CHC-1160263,2024,0.0005078323589999998
GB-CHC-1161729,2018,0.12066730678699994
GB-CHC-1161729,2019,0.14873365478199993
GB-CHC-1161729,2020,0.11199164500299995
GB-CHC-1161729,2021,0.022653341075999988
GB-CHC-1171353,2015,2.1297085559999998
GB-CHC-1171353,2016,15.531539801319997
GB-CHC-1171353,2017,11.471068455385515
GB-CHC-1171353,2018,18.9946564977
GB-CHC-1171353,2019,11.665917118666846
GB-CHC-1171353,2020,15.6264975732
GB-CHC-1171353,2021,10.60309896
GB-CHC-1171353,2022,9.6296486355
GB-CHC-1171353,2023,5.308527
GB-CHC-1173320,2021,0.015291228440999992
GB-CHC-1175658,2020,0.4597567047999998
GB-CHC-1175658,2021,0.6532069225999997
GB-CHC-1175791,2020,0.009896797524999995
GB-CHC-1175791,2021,0.003779377978999999
GB-CHC-1178168,2019,0.03680268129999998
GB-CHC-1178168,2020,0.23149508259999987
GB-CHC-1178168,2021,0.11377139759999993
GB-CHC-1188731,2020,0.03378578960299998
GB-CHC-1837621,2013,0.07578958779999995
GB-CHC-1837621,2014,0.3553678911999998
GB-CHC-1837621,2015,0.4344325556999997
GB-CHC-1837621,2016,1.0704015023999993
GB-CHC-1837621,2017,3.3205261134499984
GB-CHC-1837621,2018,3.5756677416529983
GB-CHC-1837621,2019,0.5958568111139997
GB-CHC-1837621,2020,0.1436640327819999
GB-CHC-1837621,2021,0.06833647418899998
GB-CHC-1837621,2022,0.011389107598999993
GB-CHC-202918,2010,109.03353443809995
GB-CHC-202918,2011,206.6612075636999
GB-CHC-202918,2012,225.1724619063999
GB-CHC-202918,2013,359.71334191041984
GB-CHC-202918,2014,174.36432591478592
GB-CHC-202918,2015,167.0506037423789
GB-CHC-202918,2016,167.3880934476529
GB-CHC-202918,2017,193.1874144344129
GB-CHC-202918,2018,186.8060636580409
GB-CHC-202918,2019,193.9646211836049
GB-CHC-202918,2020,164.6679080998659
GB-CHC-202918,2021,180.55507381015988
GB-CHC-202918,2022,180.2395450894509
GB-CHC-202918,2023,184.7574123199359
GB-CHC-202918,2024,131.30722248147893
GB-CHC-206504,2019,0.08894790519999994
GB-CHC-206504,2020,0.048778086899999976
GB-CHC-206658,2020,0.06429694389099996
GB-CHC-206658,2021,0.1608633937999999
GB-CHC-206658,2022,0.13818503249999992
GB-CHC-206658,2023,0.05308852669999997
GB-CHC-208223,2021,0.0995214846509999
GB-CHC-208223,2022,0.0032862374349999983
GB-CHC-213251,2013,0.0027277592999999985
GB-CHC-213251,2014,0.003386053499999998
GB-CHC-213251,2015,0.08951663563333331
GB-CHC-213251,2016,0.09635168457899995
GB-CHC-222655,2011,0.4725221769389998
GB-CHC-222655,2012,1.3337000010689992
GB-CHC-222655,2013,1.3524596202289993
GB-CHC-222655,2014,1.3155596198419994
GB-CHC-222655,2015,1.4195470505339993
GB-CHC-222655,2016,3.433619568911998
GB-CHC-222655,2017,4.244660306948997
GB-CHC-222655,2018,4.491393197793997
GB-CHC-222655,2019,5.536080593751998
GB-CHC-222655,2020,6.478123655739997
GB-CHC-222655,2021,3.1455878347699984
GB-CHC-228248,2010,0.009054407946999996
GB-CHC-228248,2011,1.1351664657229996
GB-CHC-228248,2012,3.818731184605998
GB-CHC-228248,2013,5.7457138268579975
GB-CHC-228248,2014,5.332572447679998
GB-CHC-228248,2015,7.77806226244523
GB-CHC-228248,2016,12.325173423074624
GB-CHC-228248,2017,14.43104131192376
GB-CHC-228248,2018,14.765257637366073
GB-CHC-228248,2019,6.257216251688996
GB-CHC-228248,2020,4.096551211941998
GB-CHC-228248,2021,0.45965623296299973
GB-CHC-254781,2011,0.030913344299999982
GB-CHC-254781,2012,0.12082310308099993
GB-CHC-254781,2013,0.12527326014999993
GB-CHC-254781,2014,0.04928000469999998
GB-CHC-254781,2015,0.1880118123269999
GB-CHC-254781,2016,0.18530933808199992
GB-CHC-254781,2017,0.08432075274599996
GB-CHC-272465,2015,0.5362373753999998
GB-CHC-272465,2016,1.832342989199999
GB-CHC-272465,2017,0.5797464733919407
GB-CHC-272465,2018,0.8934141001629995
GB-CHC-272465,2019,1.2389605067299996
GB-CHC-272465,2020,0.13178494999999993
GB-CHC-282305,2020,0.44149735791999983
GB-CHC-282305,2021,0.39185173708499993
GB-CHC-282305,2022,0.4360464867969999
GB-CHC-282305,2023,0.216932368776
GB-CHC-282305,2024,0.12308535488600002
GB-CHC-287287,2015,0.5244145755109998
GB-CHC-287287,2016,0.5794463564229997
GB-CHC-287287,2017,0.48836706611299974
GB-CHC-287287,2018,0.5223136459659997
GB-CHC-287287,2019,0.6253756562559997
GB-CHC-287287,2020,0.7491606796849997
GB-CHC-287287,2021,1.7640371849629983
GB-CHC-287287,2022,2.587631202453
GB-CHC-287287,2023,3.181005285997
GB-CHC-287287,2024,1.87060917705
GB-CHC-289036,2014,0.004562029249999998
GB-CHC-289036,2015,0.008185194771999995
GB-CHC-290767,2020,0.06809990443999997
GB-CHC-290767,2021,0.18276726314599992
GB-CHC-290836,2015,0.1892167050999999
GB-CHC-294329,2014,0.6534641869999996
GB-CHC-294329,2015,0.8732386061999995
GB-CHC-294329,2016,0.22606100269999987
GB-CHC-297716,2019,0.07525235919999997
GB-CHC-298316,2018,0.12829382164799993
GB-CHC-298316,2019,0.37158641908199974
GB-CHC-298316,2020,0.1802637526479999
GB-CHC-298316,2021,0.14530131891199993
GB-CHC-313757,2017,0.08313178766599996
GB-CHC-313757,2018,13.836787940388696
GB-CHC-313757,2019,0.22032266981399987
GB-CHC-313757,2020,0.3061484192999998
GB-CHC-313757,2021,0.03947859677899998
GB-CHC-313757,2022,0.01624647385799999
GB-CHC-314137,2017,0.06145088079999997
GB-CHC-314137,2018,0.8231744495199995
GB-CHC-314137,2019,0.6375940253819997
GB-CHC-314137,2020,0.5658160471259995
GB-CHC-314137,2021,0.5612689492999997
GB-CHC-328158,2012,0.0
GB-CHC-328158,2013,0.0
GB-CHC-328158,2015,0.2036251635409999
GB-CHC-328158,2016,0.2782753601019999
GB-CHC-328158,2017,0.00031924746499999986
GB-CHC-328206,2012,0.06629098259999996
GB-CHC-328206,2013,0.05118804899999997
GB-CHC-328206,2015,0.22557295699999988
GB-CHC-328206,2016,0.4070709734399998
GB-CHC-802353,2017,1.704066419399999
GB-CHC-802353,2018,1.791687647399999
GB-CHC-802353,2019,1.7253500040999992
GB-CHC-802353,2020,1.5207855203999994
GB-CHC-802353,2021,1.5705392782999992
GB-CHC-802353,2022,1.4303749047249994
GB-CHC-802353,2023,1.1476792383999994
GB-CHC-802353,2024,1.1546760106089993
GB-COH-00041424,2021,0.46141782571999973
GB-COH-00041424,2022,1.4296764705649994
GB-COH-00041424,2023,1.682324109574999
GB-COH-00041424,2024,2.664866530426198
GB-COH-00070527,2016,0.010430558099999994
GB-COH-00070527,2017,0.034655027999999984
GB-COH-00070527,2018,0.09044104759999995
GB-COH-00070527,2019,2.163529287899999
GB-COH-00070527,2020,3.6705130422819994
GB-COH-00070527,2021,2.88328798858
GB-COH-00070527,2022,4.060857100596999
GB-COH-00070527,2023,5.3183419052269985
GB-COH-00070527,2024,0.01731338967999999
GB-COH-00986729,2013,0.5053479919999997
GB-COH-00986729,2015,0.8245513184999996
GB-COH-00986729,2016,0.1834900499999999
GB-COH-00986729,2018,0.7620877743999996
GB-COH-01245534,2015,0.9395194999999995
GB-COH-01250443,2023,3.3539787706719992
GB-COH-01250443,2024,1.0342630298589994
GB-COH-01650169,2019,0.00046421090999999973
GB-COH-01650169,2020,0.027061705290999986
GB-COH-01650169,2021,0.34671950700899984
GB-COH-01650169,2023,0.3697967164059998
GB-COH-01650169,2024,0.48515187905199975
GB-COH-01846493,2017,0.045190257399999975
GB-COH-01846493,2018,1.0475217434299993
GB-COH-01846493,2019,0.9817465381189995
GB-COH-02188452,2021,0.01595708924099999
GB-COH-02188452,2024,2.3828212147
GB-COH-02394229,2015,35.76279211209997
GB-COH-02394229,2016,22.118511088199988
GB-COH-02622374,2018,0.7796232311789997
GB-COH-02622374,2019,1.8326285652949992
GB-COH-02622374,2020,4.691016399935998
GB-COH-02622374,2021,3.987595619499998
GB-COH-02622374,2022,2.1851183660709994
GB-COH-02622374,2023,3.040403090899998
GB-COH-02622374,2024,1.3319665686749993
GB-COH-02768268,2014,0.1777150695479999
GB-COH-02768268,2015,1.1017045013779994
GB-COH-02768268,2016,9.185958395454996
GB-COH-02768268,2017,6.699457349423995
GB-COH-02768268,2018,7.348690520701997
GB-COH-02768268,2019,8.116396533434996
GB-COH-02768268,2020,11.940922434707995
GB-COH-02768268,2021,1.5516438579529994
GB-COH-02768268,2022,0.12684641934499993
GB-COH-02768268,2023,0.05624379889999997
GB-COH-02863827,2018,0.8065586853740826
GB-COH-02863827,2019,1.2742258108354725
GB-COH-02863827,2020,1.6332291465066386
GB-COH-02863827,2021,0.8623385047354112
GB-COH-02863827,2022,1.7425138831249998
GB-COH-02863827,2024,0.293384579045
GB-COH-03054929,2017,1.7449222760999992
GB-COH-03054929,2018,1.8921172375499988
GB-COH-03122495,2016,17.59592652399999
GB-COH-03122495,2017,8.163664011699995
GB-COH-03122495,2018,5.152506637287996
GB-COH-03122495,2019,8.653973386199995
GB-COH-03122495,2020,0.8705234578999994
GB-COH-03122495,2021,2.614444420599999
GB-COH-03122495,2022,0.13250125479999994
GB-COH-03122495,2024,12.059460336311995
GB-COH-03259922,2016,8.287894140373995
GB-COH-03259922,2017,2.5829152718899984
GB-COH-03259922,2018,0.05290731924099998
GB-COH-03580586-GEC,2017,44.689024377299994
GB-COH-03580586-GEC,2018,75.71300371919993
GB-COH-03580586-GEC,2019,96.59747296899992
GB-COH-03580586-GEC,2020,85.91672650109997
GB-COH-03580586-GEC,2021,64.78074851169997
GB-COH-03580586-GEC,2022,43.37300221119998
GB-COH-03580586-GEC,2023,17.568926372999993
GB-COH-03613839,2014,0.0026937095999999988
GB-COH-03613839,2015,0.4429601138999998
GB-COH-03613839,2016,2.143202878099999
GB-COH-03613839,2017,1.3283679946029991
GB-COH-03613839,2018,1.1505292741999995
GB-COH-03613839,2019,1.0772518480439994
GB-COH-03613839,2020,1.2284829726549993
GB-COH-03613839,2021,1.2810986981429993
GB-COH-03613839,2023,0.02269979999999999
GB-COH-03788027,2012,0.0
GB-COH-03788027,2013,0.0
GB-COH-03846881,2018,0.013766205432999992
GB-COH-03846881,2022,10.994077132597894
GB-COH-03846881,2023,1.3011932064749994
GB-COH-04105827,2014,0.11152870780399994
GB-COH-04105827,2015,0.4927059058849998
GB-COH-04105827,2016,0.8570886317139995
GB-COH-04105827,2017,0.8557648172109995
GB-COH-04105827,2018,1.0387516000339994
GB-COH-04105827,2019,1.491459323328999
GB-COH-04105827,2020,1.702803188140999
GB-COH-04105827,2021,1.2983818236339992
GB-COH-04105827,2022,0.24537155270207345
GB-COH-04105827,2023,0.03234528551699998
GB-COH-04154075,2022,0.312952577538
GB-COH-04154075,2023,0.6050930509360001
GB-COH-04276635,2014,0.07187261119999995
GB-COH-04276635,2015,0.09719297699999996
GB-COH-04276635,2016,0.10902587829999993
GB-COH-04276635,2017,0.03427039249999998
GB-COH-04465125,2022,0.2199478330609999
GB-COH-04465125,2023,0.2220279796779999
GB-COH-04465125,2024,36.608412640910984
GB-COH-04930461,2018,0.1972299362759999
GB-COH-04930461,2019,0.3893072827829998
GB-COH-04930461,2020,0.6459285722269997
GB-COH-04930461,2021,0.21765239145199988
GB-COH-05322719,2014,0.6467374795999997
GB-COH-05322719,2015,0.8538353215999995
GB-COH-05322719,2016,0.7749560387999995
GB-COH-05322719,2017,0.39904230639999977
GB-COH-05322719,2018,1.3872099999999992
GB-COH-05322719,2019,0.47464190948499974
GB-COH-05322719,2020,1.1053787943929996
GB-COH-05322719,2021,1.3019124554279993
GB-COH-05543952,2018,11.917024463597995
GB-COH-05543952,2019,10.887143226576995
GB-COH-05543952,2020,8.599691190516996
GB-COH-05543952,2021,2.120637095196999
GB-COH-06069322,2018,0.24120579220899985
GB-COH-06069322,2019,2.8870488283889983
GB-COH-06069322,2020,6.232320889199996
GB-COH-06069322,2021,4.870680952799997
GB-COH-06069322,2022,2.2850678003999985
GB-COH-06069322,2023,0.22054242909999988
GB-COH-06581421,2021,1.1564135667999995
GB-COH-06581421,2022,0.48325982549999974
GB-COH-07026479,2010,0.5902347417840376
GB-COH-07026479,2011,3.3916797017057903
GB-COH-07026479,2012,11.04135759940532
GB-COH-07026479,2013,2.31
GB-COH-07026479,2014,25.04099659
GB-COH-07026479,2015,7.326108
GB-COH-07026479,2016,24.6428413038577
GB-COH-07026479,2017,12.30301201
GB-COH-07026479,2018,12.74542723
GB-COH-07026479,2019,4.69386909
GB-COH-07157505,2015,0.007212041734999997
GB-COH-07157505,2016,0.3122376028169998
GB-COH-07157505,2017,1.0349462181729994
GB-COH-07157505,2018,1.0346947169999994
GB-COH-07157505,2019,0.11932780419999994
GB-COH-07840888,2017,0.14018927350799992
GB-COH-07840888,2018,0.1613176420199999
GB-COH-07840888,2019,0.24634947861199982
GB-COH-07840888,2020,0.12811996640199994
GB-COH-07840888,2021,0.025642223741999988
GB-COH-08327972,2015,0.034201031999999985
GB-COH-08327972,2016,0.40575903734199975
GB-COH-08327972,2017,0.4811635282000001
GB-COH-08327972,2018,0.039531844394
GB-COH-08567792,2019,0.04505296144299998
GB-COH-08567792,2020,0.36414934666299975
GB-COH-08567792,2021,0.4967636212449997
GB-COH-09288843,2018,1.890779
GB-COH-09288843,2019,1.592
GB-COH-09288843,2020,8.239
GB-COH-10333897,2021,0.22685549569999988
GB-COH-10333897,2022,3.3516084577609977
GB-COH-10516061,2021,0.1880552319999999
GB-COH-1100897,2015,3.469263349755998
GB-COH-1100897,2016,10.860067422187994
GB-COH-1100897,2017,16.88220585662099
GB-COH-1100897,2018,14.053518062699991
GB-COH-1100897,2019,13.365468208199992
GB-COH-1100897,2020,11.936250651924995
GB-COH-1100897,2021,8.605471480199997
GB-COH-1100897,2022,8.729554034951995
GB-COH-1100897,2023,13.021490572199992
GB-COH-11116719,2020,0.013096624387999993
GB-COH-11116719,2021,0.004074651932999998
GB-COH-11116719,2022,0.031383948986999984
GB-COH-11116719,2023,0.024560300829999986
GB-COH-11373728,2020,9.278136305640995
GB-COH-11373728,2021,5.228079467219997
GB-COH-11373728,2022,2.081635723879999
GB-COH-11373728,2023,1.974834615144999
GB-COH-11373728,2024,3.7274461281755977
GB-COH-1364201,2012,0.9998038632999995
GB-COH-1364201,2013,11.804033459899994
GB-COH-1364201,2014,1.903488626693999
GB-COH-1364201,2015,27.495457924634987
GB-COH-1364201,2016,16.051406539471174
GB-COH-1364201,2017,7.850259810353997
GB-COH-1364201,2018,3.677601546660998
GB-COH-1364201,2019,0.42641685147799996
GB-COH-1364201,2020,0.034625699984
GB-COH-1364201,2021,0.6631171313819997
GB-COH-1364201,2022,1.6486535520249996
GB-COH-1364201,2023,0.928762213962
GB-COH-1364201,2024,0.06715397674299997
GB-COH-14411359,2021,0.5887784207569997
GB-COH-14411359,2022,1.1761878922419993
GB-COH-14411359,2023,3.7642140712149983
GB-COH-14411359,2024,2.494077096721914
GB-COH-1869600,2016,1.2159942362999996
GB-COH-1869600,2017,0.8231666306999995
GB-COH-1869600,2018,1.1543852892259994
GB-COH-1869600,2019,0.29806696261399984
GB-COH-1869600,2020,0.4348489583089998
GB-COH-1869600,2021,0.13038420839699993
GB-COH-2100867,2013,0.044138499999999976
GB-COH-2153193,2013,1.5467278000999989
GB-COH-2153193,2014,1.6850439869999991
GB-COH-2153193,2015,2.8858284871409987
GB-COH-2153193,2016,11.047292837776995
GB-COH-2153193,2017,12.193340465240995
GB-COH-2153193,2018,7.210828531577996
GB-COH-2153193,2019,14.437148049836994
GB-COH-2153193,2020,13.186467245425993
GB-COH-2153193,2021,15.26503757570299
GB-COH-2153193,2022,6.322403544790997
GB-COH-2394229,2015,94.74116655759995
GB-COH-2394229,2016,69.13876709249998
GB-COH-2394229,2017,118.31239501364854
GB-COH-2394229,2018,86.27684501905495
GB-COH-2394229,2019,63.088316877059945
GB-COH-2394229,2020,64.05406272138768
GB-COH-2394229,2021,38.75399954656426
GB-COH-2394229,2022,26.49454572800018
GB-COH-2394229,2023,45.13711263875125
GB-COH-2394229,2024,6.577789991471986
GB-COH-353570,2014,0.08225668515399995
GB-COH-353570,2015,0.31294536996999983
GB-COH-353570,2016,0.4010615923309998
GB-COH-353570,2017,0.38827875484499974
GB-COH-353570,2018,0.6034628583219996
GB-COH-353570,2019,0.011058611121999995
GB-COH-3799145,2011,2.73666665
GB-COH-3799145,2012,5.7296207
GB-COH-3799145,2013,18.478964020179994
GB-COH-3799145,2015,1.7478358963179992
GB-COH-3799145,2017,34.01685171213698
GB-COH-3799145,2018,20.13843771232299
GB-COH-3799145,2022,0.012916261865999992
GB-COH-3799145,2023,0.8189185522949994
GB-COH-3799145,2024,0.8210741757469996
GB-COH-4016725,2013,0.0
GB-COH-4884328,2015,0.07293679039999997
GB-COH-4884328,2016,0.12713055883799998
GB-COH-4884328,2018,0.09031502587699995
GB-COH-4884328,2019,0.40641957745699975
GB-COH-4884328,2020,0.2347486953779999
GB-COH-4884328,2021,0.16234637173399993
GB-COH-4887855,2018,0.1352715257809999
GB-COH-4887855,2019,0.16543963564699987
GB-COH-4887855,2020,0.08656089511999994
GB-COH-5419428,2014,0.04672879939999997
GB-COH-7207947,2019,0.06637894432499997
GB-COH-8159144,2019,1.2914786378999992
GB-COH-871954,2015,13.172324071980992
GB-COH-871954,2016,20.00150842014799
GB-COH-871954,2017,21.51635728951099
GB-COH-871954,2018,15.466610979987992
GB-COH-871954,2019,39.304589141675976
GB-COH-871954,2020,24.399043985610987
GB-COH-871954,2021,22.01818656029099
GB-COH-871954,2022,21.99412737015699
GB-COH-871954,2023,20.10035121861199
GB-COH-871954,2024,11.037452260089994
GB-COH-877338,2015,0.7096335809999995
GB-COH-877338,2017,13.884906205668994
GB-COH-877338,2018,7.833160434706996
GB-COH-877338,2019,8.616562022373996
GB-COH-877338,2020,13.908135563672381
GB-COH-877338,2021,15.623318607902993
GB-COH-877338,2022,13.680024369913149
GB-COH-877338,2023,1.719628885228999
GB-COH-8835431,2015,0.052082799449999974
GB-COH-8835431,2016,0.1784328876679999
GB-COH-NI011322,2014,0.10913054959999997
GB-COH-NI011322,2015,0.10243032529999994
GB-COH-NI011322,2016,0.07357257399999996
GB-COH-NI011322,2017,0.033363661599999976
GB-COH-OC350651,2024,0.10105068189999995
GB-COH-RC000297,2017,1.3754351092999992
GB-COH-RC000297,2018,2.3232463417999987
GB-COH-RC000297,2019,3.492042245947998
GB-COH-RC000297,2020,3.206335400099998
GB-COH-RC000297,2021,3.1388476335999984
GB-COH-RC000297,2022,0.1830587537999999
GB-COH-RC000297,2023,0.6678232481539996
GB-COH-RC000297,2024,1.0579593132459995
GB-COH-RC000541,2017,0.08228106221699998
GB-COH-RC000541,2018,0.6800901696299996
GB-COH-RC000541,2019,0.8939856180719994
GB-COH-RC000541,2020,1.0829625880619995
GB-COH-RC000541,2021,0.5630637215979997
GB-COH-RC000658 ,2021,0.6722056841529996
GB-COH-RC000658 ,2022,0.9564896560929995
GB-COH-RC000658 ,2024,1.1499996121999994
GB-COH-RC000659,2022,0.06535599044899996
GB-COH-RC000659,2023,0.6918593097139997
GB-COH-RC000659,2024,0.5936122422789997
GB-COH-RC000660,2018,0.6386718623299997
GB-COH-RC000660,2019,0.7413867548449996
GB-COH-RC000660,2020,0.3947695987119998
GB-COH-RC000660,2021,0.08095158537499997
GB-COH-RC000664,2018,0.27869553339999986
GB-COH-RC000664,2019,0.5354756709999997
GB-COH-RC000721,2020,0.009675348364999994
GB-COH-RC000721,2021,0.0007667487999999997
GB-COH-RC000749,2016,2.2719087263399986
GB-COH-RC000749,2018,6.428143929704997
GB-COH-RC000749,2019,9.570648045345996
GB-COH-RC000749,2020,3.347172967284998
GB-COH-RC000749,2021,2.620272316807999
GB-COH-RC000749,2022,3.435564714773998
GB-COH-RC000749,2023,3.1916082490779987
GB-COH-RC000749,2024,3.374387265675998
GB-COH-RC000797,2018,0.05803960529999996
GB-COH-RC000797,2019,0.15509715277099995
GB-COH-RC000797,2020,0.5887080513769997
GB-COH-RC000797,2021,1.0228424704259995
GB-COH-RC000797,2022,2.156965640729999
GB-COH-RC000797,2023,0.2861626452209998
GB-COH-RC000797,2024,0.48835019259499973
GB-COH-SC100833,2015,0.001738716402999999
GB-COH-SC100833,2016,0.14646014370199992
GB-COH-SC100833,2017,0.19784058236899996
GB-COH-SC100833,2018,0.7006194525869996
GB-COH-SC100833,2019,2.2519082540053152
GB-COH-SC100833,2020,3.392387344072316
GB-COH-SC100833,2021,0.9745174516488833
GB-COH-SC100833,2022,4.45021804763945
GB-EDU-133784,2020,0.00015891591800000035
GB-EDU-133784,2021,0.06257199869999996
GB-EDU-133903,2018,0.7025719128289997
GB-EDU-133903,2019,1.825807691557999
GB-EDU-133903,2020,2.8500296414409987
GB-EDU-133903,2021,2.7820483812889982
GB-EDU-133903,2022,3.0265550018599985
GB-EDU-133903,2023,4.163407835724998
GB-EDU-133903,2024,1.712654977006999
GB-GOR-GB-GOR-OT1175,2019,0.20170270411600003
GB-GOR-GB-GOR-OT1175,2020,0.702675770292
GB-GOR-GB-GOR-OT1175,2021,0.41361263065200005
GB-GOV-1,2023,2481.8234874099985
GB-GOV-1,2024,1465.1101294491991
GB-GOV-10,2020,6.305499999999996
GB-GOV-10,2021,0.6179075355549996
GB-GOV-10,2022,0.7462259990969996
GB-GOV-10,2023,11.349899999999996
GB-GOV-10,2024,2.5221999999999984
GB-GOV-24,2021,1.1258445027999995
GB-GOV-24,2022,1.6412585949999994
GB-GOV-6,2021,880.3499490999995
GB-GOV-7,2019,0.8623562211919994
GB-GOV-7,2020,1.669316455791999
GB-GOV-7,2021,5.046260122499998
GB-GOV-7,2022,4.168749136497998
GB-GOV-7,2023,0.8827699999999995
GB-HESA-10004113,2018,0.7488462243999996
GB-HESA-10004113,2019,14.538394618399991
GB-HESA-10004113,2020,12.113095020199996
GB-HESA-10004113,2021,0.09145875529999994
GB-HESA-10004113,2022,0.07955806987499994
GB-HESA-10004113,2023,0.09840141346399993
GB-LAE-LND,2021,0.009206029999999995
GB-NIC-073343,2021,0.3104129552
GB-NIC-073343,2022,0.6044886088
GB-NIC-073343,2023,0.8093111376000001
GB-NIC-073343,2024,0.2036902824
GB-SC-035056,2018,0.011552937099999994
GB-SC-035056,2019,0.020747617199999988
GB-SC-035056,2020,0.09949322339999996
GB-SC-035056,2021,0.01664021449999999
GB-SC-037597,2015,0.04568586969999997
GB-SC-044007,2015,0.9608931902949995
GB-SC-044007,2016,0.2907834291199999
GB-SC-SC035314,2014,0.11180282049999994
GB-SC-SC037959,2013,0.10337236699999994
GB-SC-SC037959,2014,0.09193545109999995
GB-SC-SC037959,2015,0.03522252299999998
GB-SC-SCO45223,2016,4.536961104199998
GB-SC-SCO45223,2017,4.610247408499997
GB-SC-SCO45223,2018,4.119642936599997
GB-SC-SCO45223,2019,2.3875051878599987
GB-SC-SCO45223,2020,1.3473191117979995
GB-SC-SCO45223,2021,3.5373926756589986
GB-SC-SCO45223,2022,5.462390535675997
GB-SC-SCO45223,2023,1.2173065117379995
GB-UKPRN-10007774,2018,0.06424086277399997
GB-UKPRN-10007774,2019,0.07385186981699995
GB-UKPRN-10007774,2020,0.5338933183859997
GB-UKPRN-10007774,2021,6.073336975784997
GB-UKPRN-10007774,2022,11.241557637899994
GB-UKPRN-10007774,2023,38.00419558609998
GB-UKPRN-10007774,2024,7.229136613882996
GB-UKPRN-10007790,2017,0.06055605468399997
GB-UKPRN-10007790,2018,1.3703641127009993
GB-UKPRN-10007790,2019,2.4545756185369987
GB-UKPRN-10007790,2020,2.525108348819998
GB-UKPRN-10007790,2021,2.1513345265659987
GB-UKPRN-10007790,2022,2.8550548601099983
GB-UKPRN-10007790,2023,6.4946279110489975
GB-UKPRN-10007790,2024,3.1182888030699987
GH-DSW-1103,2018,0.0
GH-DSW-1103,2019,0.0
GH-DSW-1103,2020,0.0
GH-DSW-1103,2021,0.0
GH-DSW-2000,2018,0.0
GH-DSW-2000,2019,0.0
GH-DSW-GH-DSW-7992,2021,0.8015205324660001
GH-RGD-99389,2018,0.06837936419999997
GH-RGD-99389,2019,0.3816075988999998
GH-RGD-CG077262013,2019,0.1478387529999999
GH-RGD-CG077262013,2020,0.6592160640999997
GH-RGD-CG077262013,2021,0.8516123680189994
GH-RGD-CG077262013,2022,0.47284018852599974
GH-RGD-GH-DSW-1334,2021,0.5635039296200001
HK-CR-2288921,2020,1.20577607
HK-CR-2288921,2021,1.12838492
ID-DJP-023047012526000,2021,0.3274494612
ID-DJP-023047012526000,2022,0.394981833
ID-DJP-023047012526000,2023,0.41963776580000006
ID-KHH-5018112631240040,2018,0.0073743884
ID-KHH-5018112631240040,2019,0.1791980606
ID-KHH-5018112631240040,2020,0.0398462012
ID-KHH-5018112631240040,2021,0.1293971744
IE-CHY-20041069,2018,0.23737778140000002
IE-CHY-20041069,2019,0.2296168238
IE-CHY-20041069,2020,0.15843
IE-CHY-20041069,2021,0.10139519999999999
IE-CHY-20041069,2022,0.16687960000000002
IE-CHY-6663,2012,0.0505370576
IE-CHY-6663,2013,0.0524329366
IE-CHY-6663,2014,0.0279660636
IE-CHY-6663,2019,0.06499394124999996
IE-CHY-6663,2020,0.14972859962699994
IE-CHY-6663,2021,0.11502044148399994
IL-RA-580166452,2018,0.1868
IL-RA-580166452,2019,0.0072
IL-RA-580675486,2021,0.14897
IL-RA-580675486,2022,0.111708
IN-ITA-1886,2013,0.0
IN-ITA-1886,2014,0.0
IN-ITA-1886,2015,0.0
IN-MCA-U74140WB1983PTC036093,2021,0.016734796999999992
IN-MCA-U74140WB1983PTC036093,2022,0.001847511499999999
IN-MCA-U74140WB1983PTC036093,2023,0.012160787299999993
IN-MCA-U74140WB1983PTC036093,2024,0.00045021269999999977
IN-MCA-U74900TN2013PTC093426,2019,0.021481123403999988
IN-MCA-U74900TN2013PTC093426,2020,0.18387386578499992
IN-MCA-U74900TN2013PTC093426,2023,0.03748091349099998
IN-MHA-083780010,2023,0.03466410791999998
IN-MHA-083780010,2024,0.03301726265199998
IN-MHA-094421114,2021,0.24547566680000002
IN-MHA-094421114,2022,0.705425418
IN-MHA-094421114,2023,0.94741150562
IN-MHA-1070-99-2000,2023,0.32161606859999997
IQ-NGO-1Z2634,2018,0.2561643
IT-CF-00677540288,2018,0.06916376839999995
IT-CF-00677540288,2019,1.0201088343999993
IT-CF-00677540288,2020,0.2998555302999999
IT-CF-97091470589,2023,0.7256136248
JE-FSC-NPO_1108,2018,0.07985032979999997
JE-FSC-NPO_1108,2019,0.19345526219999992
JE-FSC-NPO_1108,2020,0.1646782212999999
JE-FSC-NPO_1108,2021,0.030340804899999983
JO-CCD-200178924,2021,0.4882347872
JO-CCD-200178924,2022,0.6894313813999999
JO-CCD-45293,2021,0.36697771830985915
JO-COA-1701-HPC,2022,0.13139128
JO-MSD-19700011100010,2021,0.10084069500000001
JO-MSD-19700011100010,2022,0.4252715366
JO-MSD-2013011100066,2018,1.1871440515999994
JO-MSD-2013011100066,2019,1.540351249725999
JO-MSD-2013011100066,2020,0.5177916440299998
JO-MSD-2013011100066,2021,0.13059484992999992
JO-MSD-2013011100066,2023,0.6172355836419996
JO-MSD-2013011100066,2024,0.7582889880919996
KE-KRA-P000634725S,2021,1.0980498126
KE-KRA-P000634725S,2022,2.2867384844000003
KE-KRA-P000634725S,2023,3.0924669916000003
KE-KRA-P051098561L,2021,0.0
KE-KRA-P051172537S,2022,0.27019193609999986
KE-KRA-P052007235U,2022,0.0
KE-KRA-P052007235U,2023,0.0
KE-KRA-PVT-Q7UYY2K,2020,0.011472
KE-KRA-PVT-Q7UYY2K,2021,0.047344
KE-KRA-PVT-Q7UYY2K,2022,0.015209
KE-NCB-200201282375,2016,0.4690034976
KE-NCB-200201282375,2017,0.47983166000000005
KE-NCB-200201282375,2018,0.4737815494
KE-NCB-200201282375,2019,0.47983166000000005
KE-NCB-200201282375,2020,0.5263424832
KE-NCB-218-051-93197-173,2021,0.094508776
KE-NCB-218-051-93197-173,2023,0.8677168852
KE-NCB-218-051-93197-173,2024,0.6635988418000001
KE-NCB-218/051/9384/74,2013,0.1951780256879999
KE-NCB-218/051/9384/74,2014,0.1869223433709299
KE-NCB-218/051/9384/74,2016,0.07800235359221656
KE-NCB-218/051/9384/74,2017,1.4823292743013352
KE-NCB-218/051/9384/74,2018,1.639282539350001
KE-NCB-218/051/9384/74,2019,2.783053799872163
KE-NCB-218/051/9384/74,2020,3.269500177021359
KE-NCB-218/051/9384/74,2021,0.8811361152836975
KE-NCB-218/051/9384/74,2022,0.45346689702545223
KE-NCB-218/051/9384/74,2023,0.32085141067263984
KE-NCB-218/051/9384/74,2024,0.3508302409424828
KE-NCB-2180511304359047,2019,37.252184330000006
KE-NCB-2180511304359047,2020,19.723918039599994
KE-NCB-2180511403539790,2021,0.456763121866
KE-NCB-2180511403539790,2022,1.3709201388
KE-NCB-2180511403539790,2023,1.309260239
KE-NCB-2180511703310709,2018,0.3461867174809999
KE-NCB-2180511703310709,2019,0.5568673698029997
KE-NCB-2180511703310709,2020,0.43215616931199974
KE-NCB-2180511703310709,2021,0.1559979312789999
KE-NCB-OP-218-051-9994-1329,2021,0.0
KE-NCB-OP/218/051/915/65,2014,0.0
KE-NCB-OP218051926333,2021,0.234645687736
KE-NCB-OP218051926333,2022,0.2306540122
KE-NCB-OP21805193101154,2017,0.15284153669999995
KE-NCB-OP21805193101154,2018,0.5098843830869999
KE-NCB-OP21805193101154,2019,0.6229103949209998
KE-NCB-OP21805193101154,2020,0.5344572318619999
KE-NCB-OP21805193101154,2021,0.4185704146779999
KE-NCB-OP21805193101154,2022,0.20411832884556338
KE-NGC-663,2016,1.0185414993885287
KE-NGC-9381,2015,0.12118232741599992
KE-NGCB-149,2013,0.0
KE-NGCB-149,2014,0.0
KE-NGCB-149,2015,0.0
KE-RCO-84486,2018,0.028963229703999983
KE-RCO-84486,2019,0.0
KE-RCO-CPR-2009-5689,2018,1.043678
KE-RCO-CPR-2009-5689,2019,54.071583
KE-RCO-CPR-2009-5689,2020,33.414035
KE-RCO-CPR-2009-5689,2021,31.734341
KE-RCO-CPR-2009-5689,2022,25.628988188479
KE-RCO-CPR-2009-5689,2023,34.19784859603
KE-RCO-PLC-MYSMV2,2022,0.32145691219999983
KE-RCO-PLC-MYSMV2,2023,0.12094453439999993
KH-INGO-20201231,2022,0.4025784307999998
KH-INGO-20201231,2023,0.04303125419999998
LB-MOI-110,2020,3.39964381
LB-MOI-110,2021,2.78645
LB-MOI-110,2022,5.918873
LB-MOI-3567,2021,0.2746785406
LB-MOI-3567,2022,0.1922611422
LK-DRC-GA139,2016,0.0007308904
LK-DRC-GA139,2017,1.5329326068879998
LK-DRC-GA139,2018,1.456084112984
LK-DRC-GA139,2019,1.8289031605240003
LK-DRC-GA139,2020,1.787833389538
LR-MPEA-NGO-AC-0298,2017,0.12685449000000001
MM-MHA-1/Local/0047,2018,0.16908699865135993
MM-MHA-1/Local/0047,2019,0.4217510223769998
MM-MHA-1/Local/0047,2020,0.5141149195909998
MM-MHA-1/Local/0047,2021,0.06235869624599997
MU-CR-C191439,2023,0.05643422499999997
MU-CR-C191439,2024,0.05643422499999997
MW-CNM-BCM-CF,2016,0.11079646269999995
MW-CNM-BCM-CF,2017,0.08468412609999995
MW-CNM-BCM-CF,2018,0.022689711199999987
MW-MRA-20123139,2018,0.01838053249999999
MW-MRA-20123139,2019,0.013337393599999992
MW-MRA-20123139,2020,0.0016444743999999992
MW-MRA-20125995,2018,0.0028891800999999986
MW-MRA-20125995,2019,0.08579389409999995
MW-MRA-20125995,2020,0.12323595309999992
MW-MRA-20125995,2021,0.043819441699999975
MW-NBM-00139,2015,0.0
MW-NBM-00139,2016,0.2157124160999999
MW-RG-2977,2015,0.0
MW-RG-2977,2016,0.0
MW-RG-2977,2017,0.0
MW-RG-2977,2018,0.035948916599999985
MW-RG-2977,2019,0.1410300740999999
MW-RG-2977,2020,0.06704259819999997
MW-RG-2977,2021,0.027889226499999982
MY-SSM-1162174-T,2021,0.1374464746
MY-SSM-1162174-T,2022,0.2989542414
MY-SSM-1162174-T,2023,0.1568541496
MZ-MOJ-100094525,2021,0.0627557902973396
MZ-MOJ-100717344,2018,1.004953176
MZ-MOJ-100717344,2024,0.085312410914
MZ-NUIT-500004037,2018,0.008087143974960877
MZ-NUIT-500004037,2019,0.011539217527386542
MZ-NUIT-50039061,2017,1.9913827163999998
MZ-NUIT-50039061,2018,3.618043402378
MZ-NUIT-50039061,2019,4.528166379594
MZ-NUIT-50039061,2020,4.874107167236001
MZ-NUIT-50039061,2021,4.2011331985
MZ-NUIT-50039061,2022,2.651231403918
MZ-NUIT-600000381,2017,4.3372969182
MZ-NUIT-600000381,2018,4.8993780408
MZ-NUIT-600000381,2019,2.8382407078
MZ-NUIT-600000381,2020,1.0323784651999999
MZ-NUIT-700061787,2022,0.48049763634799997
MZ-NUIT-700061787,2023,3.6378547358940003
MZ-NUIT-700061787,2024,3.691370647164
MZ-NUIT-700098168,2017,0.17059531160000002
MZ-NUIT-700098168,2018,2.1057850194000003
MZ-NUIT-700098168,2019,2.304844424586
MZ-NUIT-700098168,2020,2.734338089
MZ-NUIT-700098168,2021,4.02063638157
MZ-NUIT-700098168,2022,5.384220313600001
MZ-NUIT-700098168,2023,6.7624715366
MZ-NUIT-700098168,2024,3.1821573832
NA-COA-04413362,2023,0.8163190246
NE-DGI-5355,2018,0.33473636658652905
NG-CAC-495140,2016,0.0
NG-CAC-495140,2017,0.0
NG-CAC-495140,2018,0.0
NG-CAC-495140,2019,0.0
NG-CAC-54522,2018,0.0
NG-CAC-54522,2019,0.0
NG-CAC-692943,2018,0.0
NG-CAC-692943,2019,0.0
NG-CAC-73022,2016,0.0
NG-CAC-73022,2017,0.0
NG-CAC-73022,2018,0.0
NG-CAC-73022,2019,0.0
NG-CAC-73022,2020,0.0
NG-CAC-73022,2021,0.0
NG-CAC-73022,2022,0.0
NG-CAC-73022,2023,0.0
NG-CAC-83813,2017,0.0
NG-CAC-83813,2018,0.0
NG-CAC-83813,2019,0.0
NG-CAC-RC-929657,2023,0.05044399999999997
NL-KVK-27102631,2020,2.020797030878
NL-KVK-27102631,2021,2.0960521364
NL-KVK-27102631,2022,25.066551842991995
NL-KVK-27102631,2023,25.140687365952004
NL-KVK-27186453,2020,3.7004262735999998
NL-KVK-27186453,2021,4.147420675599999
NL-KVK-27186453,2022,4.2289223486
NL-KVK-27186453,2023,2.2271022638
NL-KVK-27189542,2018,0.2351344126
NL-KVK-27189542,2019,0.2072591822
NL-KVK-27189542,2020,0.2784903664000001
NL-KVK-27290536,2021,0.06966665626400001
NL-KVK-27293917,2021,0.340033028
NL-KVK-27293917,2022,0.5745368892
NL-KVK-27293917,2023,0.3812977058
NL-KVK-27367015,2024,2.796368715
NL-KVK-27378529,2012,1.0305005416000002
NL-KVK-27378529,2013,4.7800876442
NL-KVK-27378529,2014,17.565989622
NL-KVK-27378529,2015,12.1332179068
NL-KVK-27378529,2016,13.677292529799999
NL-KVK-27378529,2017,9.399303354
NL-KVK-27378529,2018,4.8831167856
NL-KVK-27378529,2019,1.4070747308840001
NL-KVK-27378529,2020,0.687546022152
NL-KVK-30114696,2019,4.4016004866000005
NL-KVK-30114696,2020,-6.337199999834411e-07
NL-KVK-30114696,2021,9.166183114799999
NL-KVK-30114696,2022,19.490644790999994
NL-KVK-30114696,2023,26.817339423800007
NL-KVK-30114696,2024,8.790277309999999
NL-KVK-30258482,2020,0.63372
NL-KVK-30258482,2021,1.7809084614
NL-KVK-30258482,2022,1.1786079400242042
NL-KVK-34111374,2016,9.72249611796
NL-KVK-34111374,2017,12.519565991330001
NL-KVK-34111374,2018,14.487782566154
NL-KVK-34111374,2019,12.472224752004001
NL-KVK-34111374,2020,4.568249835
NL-KVK-34111374,2021,3.4449589548000006
NL-KVK-34111374,2022,3.3463595162000006
NL-KVK-34111374,2023,4.1248718618
NL-KVK-34123218,2022,0.0132025
NL-KVK-34123218,2023,0.14071541360000003
NL-KVK-34123218,2024,0.151606948
NL-KVK-34141098,2021,0.31068651100000005
NL-KVK-34141098,2022,0.4932164601200001
NL-KVK-34141098,2023,0.4755667244000001
NL-KVK-34185938,2018,0.3036575
NL-KVK-34185938,2019,0.7525425
NL-KVK-34185938,2020,0.448885
NL-KVK-34185938,2021,0.607315
NL-KVK-34214586,2016,0.38180996279999996
NL-KVK-34214586,2017,0.5148013858
NL-KVK-34214586,2018,0.5996427631999999
NL-KVK-34214586,2019,0.5954052888
NL-KVK-34214586,2020,0.411294842
NL-KVK-34219433,2017,1.126981243
NL-KVK-34219433,2018,1.7555374812
NL-KVK-34219433,2019,2.5739203206
NL-KVK-34219433,2020,2.1205675945999998
NL-KVK-34219433,2021,4.5412839928
NL-KVK-34219433,2022,5.2517105178
NL-KVK-34219433,2023,5.6208471368
NL-KVK-34234456,2018,5.22819
NL-KVK-34234456,2019,5.17538
NL-KVK-34234456,2020,5.12257
NL-KVK-34234456,2021,13.09688
NL-KVK-34234456,2022,5.17538
NL-KVK-34234456,2023,2.6405
NL-KVK-34234456,2024,5.17538
NL-KVK-40407706,2019,6.8452702232
NL-KVK-40407706,2020,4.8882425242
NL-KVK-40407706,2021,7.0820829376
NL-KVK-40407706,2022,10.0420348524
NL-KVK-40407706,2023,5.1650197341999995
NL-KVK-40530953,2021,1.1375189504
NL-KVK-40530953,2022,1.8120146076000003
NL-KVK-40530953,2023,1.6403208480000002
NL-KVK-41022454,2022,1.5655165392
NL-KVK-41022454,2023,1.5822478034
NL-KVK-41022454,2024,3.943095617
NL-KVK-41039028,2021,0.8034978128000001
NL-KVK-41039028,2022,1.1296882836
NL-KVK-41039028,2023,1.0389691532
NL-KVK-41146461,2018,1.2257201000000002
NL-KVK-41146461,2019,0.6116485886
NL-KVK-41146461,2020,0.37815867940000003
NL-KVK-41146484,2021,0.0028971566000000003
NL-KVK-41146484,2022,0.0401493306
NL-KVK-41146484,2023,0.13950289600000002
NL-KVK-41149486,2022,0.6069632854
NL-KVK-41150792,2022,0.0097555913
NL-KVK-41150792,2023,0.437600221216
NL-KVK-41152832,2017,0.4491775674
NL-KVK-41152832,2018,0.5529502736
NL-KVK-41153698,2016,0.8081778350000001
NL-KVK-41153698,2017,0.7539071104
NL-KVK-41153698,2018,0.8889993152000001
NL-KVK-41153698,2019,0.8510849038
NL-KVK-41153698,2020,0.7067171506000001
NL-KVK-41155305,2016,1.7360379168
NL-KVK-41155305,2017,4.9834072004
NL-KVK-41155305,2018,5.819861621800001
NL-KVK-41155305,2019,7.632869057400001
NL-KVK-41155305,2020,7.797021549000001
NL-KVK-41155305,2021,6.165250640000001
NL-KVK-41155305,2022,8.604013271400001
NL-KVK-41155305,2023,10.703390325400001
NL-KVK-41160229,2017,16.887333592999997
NL-KVK-41160229,2018,13.227216136200001
NL-KVK-41160229,2019,14.7181110892
NL-KVK-41160229,2020,8.517190462800002
NL-KVK-41160229,2021,6.193334998000001
NL-KVK-41160229,2022,10.372059329199999
NL-KVK-41160229,2023,5.288262431200001
NL-KVK-41160229,2024,1.8510823894
NL-KVK-41169658,2018,0.2658078985039999
NL-KVK-41169658,2019,0.6637405728127467
NL-KVK-41169658,2020,0.5683994483089997
NL-KVK-41169658,2021,0.07285653869400001
NL-KVK-41169658,2022,0.18641412462
NL-KVK-41177588,2016,2.1670921484
NL-KVK-41177588,2017,3.8416645062000003
NL-KVK-41177588,2018,3.8574103358000005
NL-KVK-41177588,2019,3.9602916092000005
NL-KVK-41177588,2020,4.2617912926
NL-KVK-41180500,2021,0.821834501
NL-KVK-41180500,2022,1.1798356034000002
NL-KVK-41180500,2023,1.165284336
NL-KVK-41186799,2021,0.3201785804
NL-KVK-41186799,2022,0.44874769400000003
NL-KVK-41197577,2020,7.8473209616
NL-KVK-41198890,2020,1.5246004074000001
NL-KVK-41198890,2021,0.8120055037999999
NL-KVK-41198890,2022,2.6390508936
NL-KVK-41198890,2023,4.7411846296
NL-KVK-41198890,2024,5.9026655894
NL-KVK-41199723,2019,0.08226021471600001
NL-KVK-41199723,2020,0.16571778
NL-KVK-41201198,2021,12.639595041399998
NL-KVK-41201198,2022,15.445333855824002
NL-KVK-41201198,2023,11.530136874616002
NL-KVK-41201198,2024,9.718560928
NL-KVK-41211943,2016,0.017343860200000002
NL-KVK-41211943,2017,0.2537087458
NL-KVK-41211943,2018,0.2682103718
NL-KVK-41211943,2019,0.2678649944
NL-KVK-41211943,2020,0.2027502644
NL-KVK-41211943,2021,0.176358995
NL-KVK-41211943,2022,0.14497084340000002
NL-KVK-41211943,2023,0.410754247154
NL-KVK-41214768,2016,0.539253472
NL-KVK-41214768,2017,0.0132025
NL-KVK-41215393,2014,1.2297373111309582
NL-KVK-41215393,2015,2.533727244206
NL-KVK-41215393,2016,0.5915037614682066
NL-KVK-41215393,2017,0.46139802780461986
NL-KVK-41215393,2018,1.1621220732
NL-KVK-41215393,2019,2.6970489480000004
NL-KVK-41217404,2015,0.337984
NL-KVK-41217404,2016,0.7861444468000001
NL-KVK-41217404,2017,1.4761979299999999
NL-KVK-41217404,2018,1.2661810096
NL-KVK-41217404,2019,1.377533007
NL-KVK-41217404,2020,1.3216864320000001
NL-KVK-51756811,2021,14.739144393306002
NL-KVK-51756811,2022,22.076097854458002
NL-KVK-51756811,2023,23.484917723478002
NL-KVK-52957535,2016,3.1913019628000003
NL-KVK-52957535,2017,4.141592564000001
NL-KVK-52957535,2018,4.1840792652
NL-KVK-52957535,2019,4.879448603
NL-KVK-52957535,2020,3.8091684008
NL-KVK-53744993,2019,5.352837443
NL-KVK-53744993,2020,7.827060933200001
NL-KVK-53744993,2021,4.553853829
NL-KVK-54436222,2023,0.021899842272
NL-KVK-58183167,2016,0.5672702332
NL-KVK-58183167,2017,0.8161130656
NL-KVK-58183167,2018,0.1762913982
NL-KVK-58183167,2019,0.0443413884
NL-KVK-58183167,2020,0.050026913
NL-KVK-58183167,2022,0.4232425764
NL-KVK-58183167,2023,0.3359571522
NL-KVK-58279199,2017,1.5340100932
NL-KVK-58279199,2018,1.8993625751471541
NL-KVK-58279199,2019,1.7177202402
NL-KVK-61172863,2015,21.322592809
NL-KVK-61172863,2016,26.887743
NL-KVK-61172863,2017,57.2305725
NL-KVK-61172863,2018,76.30481758832575
NL-KVK-61172863,2019,70.12582552262668
NL-KVK-61172863,2020,160.08680476930022
NL-KVK-61172863,2021,304.8716733800085
NL-KVK-61172863,2022,238.44080600673675
NL-KVK-61172863,2023,87.09843356995252
NL-KVK-61172863,2024,143.1930499031517
NL-KVK-62066064,2016,0.04044095479999998
NL-KVK-62066064,2017,0.15023484299999992
NL-KVK-62066064,2019,0.2733758731029999
NL-KVK-62066064,2020,0.2735985455299999
NL-KVK-62066064,2021,0.2343433652269999
NL-KVK-66926262,2017,0.07018198680599999
NL-KVK-66926262,2018,0.240367925848
NL-KVK-74064800,2019,0.07465960940000001
NL-KVK-74064800,2020,0.3373059196
NL-KVK-80547745,2021,0.3673748774
NL-KVK-80547745,2022,0.7869820134000001
NL-KVK-80547745,2023,0.6188782776
NL-KVK-813612809,2010,0.21124
NL-KVK-813612809,2020,1.537867163
NL-KVK-813612809,2021,0.7901516695999999
NL-KVK-83517626,2019,0.31686
NL-KVK-83517626,2020,-0.31686
NL-KVK-855689493,2017,5.20131356513
NL-KVK-861193660,2021,1.0083099639999995
NO-BRC-917687811,2020,536.292428
NO-BRC-917687811,2021,566.1445
NO-BRC-977538319,2017,45.661748988245925
NO-BRC-977538319,2018,8.186371699819167
NO-BRC-977538319,2019,13.37214095840868
NO-BRC-977538319,2020,20.30910054249548
NO-BRC-977538319,2021,20.75098553345389
NO-BRC-977538319,2022,7.9086192585895105
NO-BRC-977538319,2023,9.429640206148282
NO-BRC-977538319,2024,5.5401279385171796
NP-DAO-27-689/063/064,2012,0.011985494399999994
NP-IRD-301131441,2021,0.045238
NP-IRD-301131441,2022,0.158566
NP-IRD-301131441,2023,0.180508
NP-IRD-302274734,2017,0.2561730888836555
NP-IRD-302274734,2018,0.6339398185491082
NP-IRD-302274734,2019,0.3514799520883162
NP-SWC-10136,2018,0.0
NP-SWC-10136,2019,0.0
NP-SWC-17775,2019,0.0
NP-SWC-17775,2020,0.0
NP-SWC-17775,2021,0.0
NP-SWC-19781,2022,0.4262930631919997
NP-SWC-19781,2023,0.5432579190999997
NP-SWC-19781,2024,0.5640105806999997
NP-SWC-24,2020,0.19838168629499991
NP-SWC-24,2021,0.19714351309299988
NP-SWC-24,2022,0.4303558229519998
NP-SWC-46024,2017,0.08385810559999995
NP-SWC-46024,2018,0.2561319321999998
NP-SWC-46024,2019,0.12797264469999994
PE-SUNARP-12623829,2018,1.119968
PE-SUNARP-12623829,2021,1.053871
PE-SUNARP-12623829,2022,1.372146
PE-SUNARP-12623829,2023,2.534304
PH-SEC-CN200340507,2021,0.313728367
PH-SEC-CN200340507,2022,0.5687964422
PH-SEC-CN200340507,2023,0.6411387488
PH-SEC-CN201214699,2023,0.2996323218
PH-SEC-CN201214699,2024,0.4852636966
PK-SEC-0105957,2018,0.018296
PK-SEC-0105957,2019,0.083175
PK-SEC-0108318,2022,0.25288207749999986
PK-VSWA-511-2007,2016,0.009155585999999995
PS-MOI-RA279C,2021,0.114096005
PS-MOI-RA279C,2022,0.38578655580000004
RW-MINAFFET-0766/09.06/32/16,2019,1.95397
RW-MINAFFET-0766/09.06/32/16,2020,2.1194691466
RW-RGB-101-RGB-NGO-2014,2018,0.0
RW-RGB-101-RGB-NGO-2014,2019,0.0
RW-RGB-114-RGB-RGO-2013,2018,0.0
RW-RGB-114-RGB-RGO-2013,2019,0.0
SE-0,2010,2987.9553890133975
SE-0,2011,3282.323599277401
SE-0,2012,3327.207837745641
SE-0,2013,3367.4634095065485
SE-0,2014,3665.3961137843767
SE-0,2015,5783.904024291108
SE-0,2016,5088.693466504663
SE-0,2017,4647.734312701397
SE-0,2018,5051.725933727337
SE-0,2019,5018.926804989411
SE-0,2020,5887.501610075116
SE-0,2021,5144.132200230531
SE-0,2022,5562.623782754145
SE-0,2023,6263.868464960315
SE-0,2024,3131.9618916196036
SE-ON-802425-8702,2019,0.5505715511945788
SE-ON-802425-8702,2020,0.17910638141786872
SE-ON-802425-8702,2021,0.36286774078183603
SE-ON-802425-8702,2022,0.3285755288809823
SN-NINEA-500116143V0,2021,0.5691851238000001
SN-NINEA-500116143V0,2022,18.205424720200003
SN-NINEA-500116143V0,2023,1.1048010430000001
SN-NINEA-621108990A0,2017,0.42958505739999997
SN-NINEA-621108990A0,2018,0.8240345656
SN-NINEA-621108990A0,2019,0.0731671988
SO-MPND-L43135002018MJ,2021,0.21503387040000002
SO-MPND-L43135002018MJ,2022,0.32476248840000005
SO-MPND-L43135002018MJ,2023,0.23744854680000002
SS-RRC-405,2021,0.159840027
SS-RRC-465,2021,0.22632962310200005
SS-RRC-652,2021,0.1132330896
SS-RRC-652,2022,0.3021112232
SS-RRC-652,2023,0.204913362
SS-RRC-SS-RRC-004,2018,0.0
SS-RRC-SS-RRC-004,2019,0.956491
SS-RRC-SS-RRC-004,2020,0.591283
TN-TIN-102123727,2013,0.14827698524999994
TN-TIN-102123727,2014,0.20584037396799992
TN-TIN-102123727,2015,0.17337223208899993
TN-TIN-102123727,2016,0.10880436608499994
TZ-BRE-63966,2015,14.175037
TZ-TRA-101-091-759,2018,0.0315
TZ-TRA-116315386,2019,0.0
TZ-TRA-121-406-209,2018,0.0
UG-NGB-0498,2017,8.132593809469592e-05
UG-NGB-0498,2018,0.03686775860292881
UG-NGB-10890,2017,0.014521629988668584
UG-NGB-10890,2018,0.049315910606528846
UG-NGB-12317,2020,0.02238956939999999
UG-NGB-12317,2021,0.0366453051099879
UG-NGB-12317,2022,0.05342467290499997
UG-NGB-12317,2023,0.028258892742999985
UG-NGB-2292,2021,0.49360133940000006
UG-NGB-5914-9186,2017,1.256609117722006
UG-NGB-5914-9186,2018,2.2563041668699815
UG-NGB-5914-9186,2019,1.7272422219872807
UG-NGO-1406,2021,1.7825191664
UG-NGO-1406,2022,2.3305400278560002
UG-NGO-1406,2023,2.5853146062
UG-NGO-1406,2024,0.677978656254
UG-RSB-197310,2019,0.13
UG-RSB-197310,2020,0.149942
UG-RSB-29587,2021,0.1831778222
UG-RSB-29587,2022,0.2986479434
UG-RSB-29587,2023,0.332417826
UG-RSB-80010003259159/105066,2018,3.2066379868
UG-RSB-80020000583761,2020,0.13061915798899995
UG-RSB-80020000583761,2021,0.08332466029999996
UG-RSB-80020000583761,2022,0.04096886387099998
US-501c3-522318905,2010,32208.18058919574
US-501c3-522318905,2011,19722.183554945
US-501c3-522318905,2012,9756.665525848128
US-501c3-522318905,2013,4434.220487596174
US-501c3-522318905,2014,69.321218895
US-EIN-04-2103547,2020,0.200247
US-EIN-04-2103547,2021,7.39247354
US-EIN-04-2103547,2022,7.67158666
US-EIN-04-2103547,2023,2.227383
US-EIN-04-2103547,2024,10.221181699999999
US-EIN-042103594,2022,0.12610999999999992
US-EIN-06-1608361,2017,0.01
US-EIN-061805406,2022,0.4498030134
US-EIN-11-3580024,2020,1.42062649
US-EIN-11-3580024,2021,0.047677
US-EIN-11-3580024,2022,0.72351163
US-EIN-11-3580024,2023,1.079733
US-EIN-11-3803281,2017,4.28347972
US-EIN-11-3803281,2018,3.8246363100000003
US-EIN-11-3803281,2019,3.815926196
US-EIN-11-3803281,2020,3.74344548
US-EIN-11-3803281,2021,4.996466
US-EIN-13-1687001,2017,0.008822
US-EIN-13-1687001,2018,0.04133
US-EIN-13-1740011,2019,0.6176842577999997
US-EIN-13-1740011,2020,1.5417439328999991
US-EIN-13-1740011,2021,0.7661056389999995
US-EIN-13-1740011,2022,0.1735828483999999
US-EIN-13-1740011,2024,5.428581377889996
US-EIN-13-3327220,2017,0.13742547
US-EIN-13-3327220,2018,0.42681809
US-EIN-13-3327220,2019,0.34834940000000003
US-EIN-13-3327220,2020,0.53223953
US-EIN-13-3327220,2021,0.00843438
US-EIN-13-3615533,2019,0.09198639953999994
US-EIN-13-3615533,2020,1.3809765718649991
US-EIN-13-3615533,2021,1.1519988088079993
US-EIN-13-3615533,2022,0.1771088839999999
US-EIN-13-4128413,2015,57.842666
US-EIN-13-4128413,2016,54.033661
US-EIN-13-5563422,2016,6.972695724793998
US-EIN-13-5563422,2017,0.16241580789999993
US-EIN-13-5660870,2014,1.48045528
US-EIN-13-5660870,2015,4.3383997999999995
US-EIN-13-5660870,2016,7.5965788
US-EIN-13-5660870,2017,6.04140549
US-EIN-13-5660870,2018,0.06941449000000001
US-EIN-13-5660870,2020,0.4272334
US-EIN-131-804-349,2018,0.023151273799999986
US-EIN-131-804-349,2019,1.697674786269999
US-EIN-131-804-349,2020,1.5266258660999994
US-EIN-131-804-349,2021,2.5394379758999985
US-EIN-134166228,2017,1.1947194792999993
US-EIN-134166228,2018,0.09520422229999995
US-EIN-134166228,2019,2.5641361938999983
US-EIN-134166228,2020,3.0026046950999987
US-EIN-134166228,2021,0.4378892307999998
US-EIN-134166228,2022,0.8462369923239995
US-EIN-134166228,2023,0.5099428729049997
US-EIN-20-3690821,2018,0.3564360428999998
US-EIN-20-3690821,2019,0.7345358202999996
US-EIN-20-3690821,2020,0.5980477223999998
US-EIN-20-3690821,2021,0.093829
US-EIN-22-3900800,2018,0.029338230399999984
US-EIN-22-3900800,2019,0.036014493799999985
US-EIN-23-7069110,2017,18.959922300000002
US-EIN-23-7069110,2018,40.6172965
US-EIN-23-7069110,2019,35.784903299999996
US-EIN-23-7069110,2020,20.92883295
US-EIN-237297651,2018,0.2601424950309999
US-EIN-237297651,2019,0.022948047534999988
US-EIN-237413005,2021,0.3271936560999998
US-EIN-237413005,2022,0.4681430197999998
US-EIN-237413005,2023,0.12426337126999994
US-EIN-26-3933134,2018,0.0350107
US-EIN-262681792,2016,4.6157178211000005
US-EIN-262681792,2017,11.991748286199998
US-EIN-262681792,2018,5.007390021699998
US-EIN-262681792,2019,1.6047046783389995
US-EIN-27-1661997,2017,0.847713
US-EIN-27-1661997,2018,2.670391
US-EIN-32-0060251,2018,0.400579
US-EIN-382846307,2020,0.4977756035509997
US-EIN-45-4535664,2022,0.09035102
US-EIN-45-4535664,2023,1.22978097
US-EIN-45-4535664,2024,0.17400906
US-EIN-45-4613016,2018,0.09591618333152929
US-EIN-45-4613016,2019,0.0
US-EIN-47-3511012,2020,0.22498381179999996
US-EIN-47-3511012,2021,0.41814029799999985
US-EIN-47-3594688,2020,1.767905065146
US-EIN-47-3594688,2021,2.670154766927999
US-EIN-47-4128047,2015,0.1753883
US-EIN-47-4128047,2016,0.59952073
US-EIN-47-4128047,2017,0.5562966500000001
US-EIN-47-4128047,2018,0.18156579
US-EIN-47-4128047,2019,0.05304774
US-EIN-52-0595110,2018,0.050293
US-EIN-52-0595110,2019,0.048536
US-EIN-52-0595110,2020,0.013321
US-EIN-52-5170039,2018,0.07714287420999995
US-EIN-52-5170039,2019,0.2778301665799999
US-EIN-52-5170039,2020,0.4540891196239997
US-EIN-52-5170039,2021,0.3503553970299998
US-EIN-521257057,2017,0.8255742200000001
US-EIN-521257057,2018,0.7289959600000001
US-EIN-521257057,2019,0.09200633999999999
US-EIN-522043740,2014,5.05484037
US-EIN-522043740,2015,6.956482119999999
US-EIN-522043740,2016,5.09647058
US-EIN-522043740,2017,6.09791753
US-EIN-522043740,2018,11.33597484
US-EIN-522043740,2019,9.161422850000001
US-EIN-522043740,2020,5.0077004700000005
US-EIN-522043740,2021,1.417371
US-EIN-522044704,2013,3.0321230200000002
US-EIN-522044704,2014,4.6114104099999995
US-EIN-522044704,2016,1.51899099
US-EIN-522044704,2017,1.03310063
US-EIN-522044704,2018,0.25692551
US-EIN-53-0196584,2022,0.30975058
US-EIN-53-0196584,2023,0.79157999
US-EIN-53-0196584,2024,1.3703756
US-EIN-54-0536100,2013,0.08561986229999995
US-EIN-54-0536100,2014,0.30480408669999987
US-EIN-54-0536100,2015,0.6564832603999997
US-EIN-54-0536100,2016,0.9146972686999996
US-EIN-56-1071085,2018,0.23325936149999987
US-EIN-56-1071085,2019,8.339755172599999
US-EIN-56-1071085,2020,2.037401419326999
US-EIN-56-1071085,2021,6.386048033299999
US-EIN-56-1071085,2022,0.6700444109729996
US-EIN-56-1071085,2023,5.6433435471
US-EIN-58-1454716,2017,0.594599
US-EIN-58-1454716,2018,0.416126
US-EIN-58-2368165,2017,0.387847
US-EIN-58-2368165,2018,1.095319
US-EIN-58-2368165,2019,0.279095
US-EIN-58-2368165,2020,0.7078525582999998
US-EIN-58-2368165,2023,0.6804145
US-EIN-61-1725201,2020,0.13368961455199993
US-EIN-81-2339233,2020,0.07624204
US-EIN-82-0644678,2019,0.0
US-EIN-82-0644678,2020,2.4549
US-EIN-833732786,2021,0.13567108009399992
US-EIN-833732786,2022,0.09826367612199995
US-EIN-84-1648607,2017,0.02
US-EIN-84-1648607,2018,0.14186258999999998
US-EIN-91-1157127,2016,0.1697358250169999
US-EIN-91-1157127,2017,2.431342057961999
US-EIN-91-1157127,2018,4.283905335396998
US-EIN-91-1157127,2019,7.889859276319996
US-EIN-91-1157127,2020,4.316273081104997
US-EIN-91-1157127,2021,2.6224837943789985
US-EIN-91-1157127,2022,1.4669154672429991
US-EIN-91-1157127,2023,0.7324250125259997
US-EIN-91-1157127,2024,0.030145801006999984
US-EIN-94-3045180,2018,0.5106483952999997
US-EIN-94-3045180,2019,0.6592185862999996
US-EIN-94-3045180,2020,0.7314052113999996
US-EIN-94-3045180,2021,0.11648780699999994
US-EIN-94-3045180,2022,0.25221999999999983
US-EIN-US-EIN-300739799,2020,0.0
US-GOV-11,2019,0.012555
US-GOV-18,2010,1224.8207693900001
US-GOV-18,2011,1558.78170604
US-GOV-18,2012,1329.8520047
US-GOV-18,2013,1653.6070842000001
US-GOV-18,2014,863.35471874
US-GOV-18,2015,717.73176411
US-GOV-18,2016,676.25673224
US-GOV-18,2017,714.78040285
US-GOV-18,2018,706.2426911599999
US-GOV-18,2019,562.3675542899999
US-GOV-18,2020,620.23155502
US-GOV-18,2021,712.31028464
US-GOV-18,2022,649.80110776
US-GOV-18,2023,745.39135325
US-GOV-18,2024,623.10938175
XI-BRIDGE-6385676864,2010,0.0
XI-BRIDGE-6385676864,2011,0.0
XI-BRIDGE-6385676864,2012,0.0
XI-BRIDGE-6385676864,2013,0.0
XI-BRIDGE-6385676864,2014,0.400962
XI-BRIDGE-6385676864,2015,0.0
XI-BRIDGE-6385676864,2016,10.253501
XI-BRIDGE-6385676864,2017,16.705481
XI-BRIDGE-6385676864,2018,1030.322832
XI-BRIDGE-6385676864,2019,962.307028
XI-BRIDGE-6385676864,2020,1957.446475
XI-BRIDGE-6385676864,2021,955.643528
XI-BRIDGE-6385676864,2022,1533.590051
XI-BRIDGE-6385676864,2023,1117.860354
XI-BRIDGE-6385676864,2024,1201.698312
XI-GRID-XI-GRID-grid.11142.37,2018,0.0038545521499999983
XI-GRID-XI-GRID-grid.11142.37,2019,0.01463819302799999
XI-GRID-XI-GRID-grid.11142.37,2020,0.01775008338799999
XI-GRID-XI-GRID-grid.11142.37,2021,0.03884829899899997
XI-GRID-grid.10347.31,2018,0.03844482486766528
XI-GRID-grid.10347.31,2019,0.14792509516837482
XI-GRID-grid.10347.31,2020,0.13581824980290572
XI-GRID-grid.10347.31,2021,0.12408163531929273
XI-GRID-grid.11835.3e,2020,0.11182065245399994
XI-GRID-grid.11835.3e,2021,0.013847962545999992
XI-GRID-grid.13001.33,2018,0.01830041
XI-GRID-grid.419346.d,2019,10.781376
XI-GRID-grid.419346.d,2020,0.11
XI-GRID-grid.442465.5,2018,0.02492
XI-GRID-grid.473464.6,2020,0.18037625170000002
XI-GRID-grid.473464.6,2021,2.835461849436976
XI-GRID-grid.473464.6,2022,3.2801344031399995
XI-GRID-grid.473464.6,2023,5.413827606380001
XI-GRID-grid.52681.38,2019,0.004947599999999999
XI-GRID-grid.52681.38,2020,0.2317491333333333
XI-GRID-grid.52681.38,2021,0.17494903333333336
XI-GRID-grid.52681.38,2022,0.06835424799999998
XI-GRID-grid.7836.a,2019,0.2676319030999999
XI-GRID-grid.7836.a,2020,0.5289835281999997
XI-GRID-grid.7836.a,2021,0.5901767284369998
XI-GRID-grid.7836.a,2022,0.36662446979999985
XI-GRID-grid.7836.a,2023,0.5970766731439997
XI-GRID-grid.7836.a,2024,0.4572168241779998
XI-GRID-grid.9829.a,2019,0.33774217
XI-IATI-1002,2015,0.05486718213999998
XI-IATI-1002,2016,0.26631744595899987
XI-IATI-1002,2017,0.3083098059789998
XI-IATI-1002,2018,0.09151865754999997
XI-IATI-CH-FDJP-CHE10092705,2023,0.46025182440000006
XI-IATI-CHE-442.839.246,2020,0.185129
XI-IATI-CHE-442.839.246,2021,2.610219
XI-IATI-CHE-442.839.246,2022,3.204652
XI-IATI-CHE442839246,2022,1.4220983098000002
XI-IATI-CHE442839246,2023,3.9964938826000003
XI-IATI-DGF,2018,16.51190759936674
XI-IATI-IATI-BBDN,2020,0.004525958333333333
XI-IATI-UNPF,2015,1696.845162
XI-IATI-UNPF,2016,1797.516587
XI-IATI-UNPF,2017,1877.817559
XI-IATI-UNPF,2018,2022.998191
XI-IATI-UNPF,2019,2693.146862
XI-IATI-US-EIN-58-1593137,2021,0.722726
XI-IATI-US-EIN-58-1593137,2022,1.032946
XI-IATI-US-EIN-58-1593137,2023,1.07401
XI-IATI-US-EIN-58-1593137,2024,0.92647365
XI-IATI-VSWA-511-2007,2017,0.03131339044199999
XI-IATI-WBTF,2020,34490.653190389996
XI-IATI-WBTF,2021,1683.02974755
XI-IATI-WBTF,2022,23126.31604452
XI-IATI-WBTF,2023,25317.92540505
XI-IATI-WBTF,2024,3163.65770015
XI-IATI-XM-DAC-7-PPR-4000002938,2020,0.8013991434000001
XI-IATI-XM-DAC-7-PPR-4000002938,2021,0.824511968
XI-IATI-XM-DAC-7-PPR-4000002938,2022,0.9201614400000001
XM-DAC-1409,2010,1.357297
XM-DAC-1409,2011,2.9264284
XM-DAC-1409,2012,6.20891636
XM-DAC-1409,2013,11.964234699999999
XM-DAC-1409,2014,16.03413227
XM-DAC-1409,2015,25.12415069
XM-DAC-1409,2016,21.621355519999998
XM-DAC-1409,2017,15.474746199999998
XM-DAC-1409,2018,9.58402619
XM-DAC-21018,2010,803.0585816121904
XM-DAC-21018,2011,449.89678232595026
XM-DAC-21018,2012,1014.0248374893777
XM-DAC-21018,2013,3312.064797756755
XM-DAC-21018,2014,3684.0095937461037
XM-DAC-21018,2015,5967.018152064805
XM-DAC-21018,2016,6185.024744915883
XM-DAC-21018,2017,5824.132313657733
XM-DAC-21018,2018,8115.983274831474
XM-DAC-21018,2019,7484.2278719197875
XM-DAC-21018,2020,14412.348470956778
XM-DAC-21018,2021,9798.945296334892
XM-DAC-21018,2022,8986.061950648616
XM-DAC-21018,2023,6740.790811669405
XM-DAC-21018,2024,717.906446972186
XM-DAC-30009,2019,0.22364506900000003
XM-DAC-30009,2020,0.23026110580000003
XM-DAC-30009,2021,0.368534585
XM-DAC-30009,2022,0.279090288
XM-DAC-30009,2023,0.47639478520000006
XM-DAC-30009,2024,0.5281
XM-DAC-30010,2016,18.154771
XM-DAC-30010,2017,4.777
XM-DAC-30010,2021,3.351692
XM-DAC-30010,2022,5.26
XM-DAC-30010,2023,0.286142
XM-DAC-41111,2016,59.975269340000004
XM-DAC-41111,2017,56.86499821
XM-DAC-41111,2018,46.37489536
XM-DAC-41111,2019,65.94983982
XM-DAC-41111,2020,82.51944272
XM-DAC-41116,2014,0.41563252
XM-DAC-41116,2015,17.36860338
XM-DAC-41116,2016,12.5199544
XM-DAC-41116,2017,50.12030411
XM-DAC-41116,2018,19.41829007
XM-DAC-41116,2019,42.26422051
XM-DAC-41116,2020,39.153586718999996
XM-DAC-41116,2021,62.16549761
XM-DAC-41116,2022,57.12834479
XM-DAC-41116,2023,55.41076864
XM-DAC-41116,2024,55.28601761
XM-DAC-41123,2013,134.69537191
XM-DAC-41123,2014,110.75539812000001
XM-DAC-41123,2015,117.20717664
XM-DAC-41123,2016,120.91515509999999
XM-DAC-41123,2017,131.37226712999998
XM-DAC-41123,2018,124.89860403
XM-DAC-41123,2019,120.76697306
XM-DAC-41123,2020,114.84649365
XM-DAC-41123,2021,105.08057862000001
XM-DAC-41123,2022,114.70401505
XM-DAC-41123,2023,143.13575555
XM-DAC-41123,2024,158.44833022
XM-DAC-41130,2019,1890.1998004000002
XM-DAC-41130,2020,2308.05653048
XM-DAC-41130,2021,2503.03667854
XM-DAC-41130,2022,2062.1148875
XM-DAC-41130,2023,1981.064306
XM-DAC-41130,2024,1649.23185818
XM-DAC-43000,2017,4.040765
XM-DAC-43000,2018,18.305544
XM-DAC-45001,2017,38.046595
XM-DAC-45001,2018,50.503023
XM-DAC-45001,2019,80.935424
XM-DAC-45001,2020,82.060076
XM-DAC-45001,2021,91.50335
XM-DAC-45001,2022,103.819912
XM-DAC-45001,2023,98.684775
XM-DAC-45001,2024,50.761287
XM-DAC-46008,2010,12.518674
XM-DAC-46008,2011,380.0
XM-DAC-46008,2012,172.361008
XM-DAC-46008,2013,257.530893
XM-DAC-46008,2014,1289.947907
XM-DAC-46008,2015,698.79
XM-DAC-46008,2016,441.65
XM-DAC-46008,2017,582.0
XM-DAC-46008,2018,1905.092759
XM-DAC-46008,2019,1926.804061
XM-DAC-46008,2020,2898.843858
XM-DAC-46008,2021,1789.663285
XM-DAC-46008,2022,2929.720153
XM-DAC-46008,2023,2765.80471
XM-DAC-46008,2024,1810.937124
XM-DAC-46009,2018,9.382537
XM-DAC-46009,2019,5.07480959
XM-DAC-46009,2020,6.688819
XM-DAC-46009,2021,11.590955830000002
XM-DAC-46009,2022,24.885270781259997
XM-DAC-47008,2016,0.9278644137999995
XM-DAC-47008,2017,1.8836549077999993
XM-DAC-47008,2018,3.08965948975006
XM-DAC-47008,2019,3.493052876899998
XM-DAC-47008,2020,2.8063731223999984
XM-DAC-47008,2021,1.534843193699999
XM-DAC-47008,2022,3.7651280675687
XM-DAC-47058,2016,51.971377200000006
XM-DAC-47058,2017,1.5393259477999999
XM-DAC-47058,2018,7.656689778926
XM-DAC-47058,2019,49.924634531626
XM-DAC-47058,2020,19.928061518590003
XM-DAC-47058,2021,41.415787235551996
XM-DAC-47058,2022,49.927074681048
XM-DAC-47058,2023,495.99059376541
XM-DAC-47059,2015,0.0316817752
XM-DAC-47059,2017,0.596176968
XM-DAC-47059,2018,0.21076154140000003
XM-DAC-47066,2010,27.49407712
XM-DAC-47066,2011,29.037516479999997
XM-DAC-47066,2012,38.8345271
XM-DAC-47066,2013,38.23572144
XM-DAC-47066,2014,42.42356659
XM-DAC-47066,2015,48.88871433
XM-DAC-47066,2016,82.39223093
XM-DAC-47066,2017,63.492853079999996
XM-DAC-47066,2018,51.397677300000005
XM-DAC-47066,2019,77.60342564
XM-DAC-47066,2020,244.52244637
XM-DAC-47066,2021,577.9615430299999
XM-DAC-47066,2022,1634.2712985
XM-DAC-47066,2023,2871.19131701
XM-DAC-47066,2024,1422.53072254
XM-OCHA-585,2020,1.680356109
XM-OCHA-FTS18563,2020,0.11896617
XM-OCHA-FTS18563,2021,0.10330137999999998
XM-OCHA-FTS18563,2022,0.024174879999999996
XM-OCHA-FTS18563,2023,0.65648335
XM-OCHA-HP3664,2022,4.237629577464789
XM-OCHA-HPC6770,2017,0.28
XM-OCHA-HPC6770,2019,55.075102
XM-OCHA-HPC6770,2021,5.032316
XM-OCHA-HPC6770,2022,19.188244
XM-OCHA-HPC8568,2019,0.007539155599999998
XM-OCHA-HPC8568,2020,0.0711498568
XM-OCHA-HPC8773,2017,48.69969933
XM-OCHA-HPC8773,2018,48.710019409999994
XM-OCHA-HPC8773,2019,108.95470040000001
XM-OCHA-HPC8773,2020,151.13437777000001
XM-OCHA-HPC8773,2021,123.11181719
XM-OCHA-HPC8773,2022,159.65383253
XM-OCHA-HPC8773,2023,189.55778112000002
XM-OCHA-HPC8773,2024,100.77158347
YE-MSAL-288-2013,2021,0.00101176
YE-MSAL-288-2013,2022,0.10132857
YE-MSAL-288-2013,2023,0.14469597000000003
ZA-CIP-M2005001486,2022,3.4057140482600006
ZA-CIP-M2005001486,2023,0.653450787704
ZA-CIP-M2005001486,2024,0.18232836278800002
ZA-CIP-M2011003386,2021,0.057913495299999965
ZA-CIP-M2011003386,2022,0.05791601749999997
ZA-CIP-M2011003386,2023,0.06816522941999996
ZA-CIT-9415005603,2018,0.005116295310999998
ZA-CIT-9415005603,2019,0.008102529666999996
ZA-CIT-9415005603,2020,0.04750960946499998
ZA-CIT-9415005603,2021,0.041813750426999974
ZA-NPO-053-456,2021,0.666042392186
ZA-NPO-053-456,2022,0.8090951447000001
ZA-NPO-053-456,2023,0.669761441378
ZA-PBO-7270782362,2019,0.7036296059016244
ZA-PBO-930040668,2016,0.27671346252999984
ZA-PBO-930040668,2017,0.5339149336399998
ZA-PBO-930040668,2018,0.24106277085799985
ZA-PBO-930040668,2019,0.15564212452499993
ZW-PVO-26/79,2017,0.07979229
ZW-PVO-26/79,2018,0.0254526
ZW-PVO-26/79,2019,0.27171911
ZW-PVO-26/79,2020,0.031012230000000002
ZW-ROD-MA0000405/2015,2019,1.2119895
ZW-ROD-MA0000405/2015,2020,0.6463944
ZW-ROD-MA988-87,2017,0.0089479
